{
	"format_version": "1.8.0",
	"animations": {
		"running": {
			"loop": true,
			"animation_length": 0.8,
			"override_previous_animation": true,
			"bones": {
				"head": {
					"rotation": {
						"0.04": {
							"vector": [0, 0, 0],
							"easing": "easeInElastic"
						},
						"0.08": {
							"vector": [0, 0, 57.5],
							"easing": "easeInElastic"
						},
						"0.12": {
							"vector": [0, 0, 0],
							"easing": "easeInElastic"
						},
						"0.16": {
							"vector": [0, 0, 0],
							"easing": "easeInElastic"
						},
						"0.2": {
							"vector": [0, 0, -80],
							"easing": "easeInElastic"
						},
						"0.24": {
							"vector": [0, 0, 0],
							"easing": "easeInElastic"
						},
						"0.28": {
							"vector": [0, 0, 57.5],
							"easing": "easeInElastic"
						},
						"0.32": {
							"vector": [0, 0, 0],
							"easing": "easeInElastic"
						},
						"0.36": {
							"vector": [0, 0, 57.5],
							"easing": "easeInElastic"
						},
						"0.4": {
							"vector": [0, 0, 0],
							"easing": "easeInElastic"
						},
						"0.44": {
							"vector": [0, 0, 0],
							"easing": "easeInElastic"
						},
						"0.48": {
							"vector": [0, 0, -80],
							"easing": "easeInElastic"
						},
						"0.52": {
							"vector": [0, 0, 0],
							"easing": "easeInElastic"
						},
						"0.56": {
							"vector": [0, 0, 0],
							"easing": "easeInElastic"
						},
						"0.6": {
							"vector": [0, 0, 57.5],
							"easing": "easeInElastic"
						},
						"0.64": {
							"vector": [0, 0, 0],
							"easing": "easeInElastic"
						},
						"0.68": {
							"vector": [0, 0, 0],
							"easing": "easeInElastic"
						},
						"0.72": {
							"vector": [0, 0, 57.5],
							"easing": "easeInElastic"
						},
						"0.76": {
							"vector": [0, 0, 0],
							"easing": "easeInElastic"
						}
					},
					"position": {
						"0.0": {
							"vector": [0, -10.5, -12.5]
						},
						"0.4": {
							"vector": [0, -8.5, -11.5],
							"easing": "easeInOutSine"
						},
						"0.8": {
							"vector": [0, -10.5, -12.5],
							"easing": "easeInOutSine"
						}
					}
				},
				"body": {
					"rotation": {
						"0.0": {
							"vector": [55, 0, 0]
						},
						"0.4": {
							"vector": [47.5, 0, 0],
							"easing": "easeInOutSine"
						},
						"0.8": {
							"vector": [55, 0, 0],
							"easing": "easeInOutSine"
						}
					},
					"position": {
						"0.0": {
							"vector": [0, -5.5, -5.5]
						},
						"0.4": {
							"vector": [0, -4.5, -5],
							"easing": "easeInOutSine"
						},
						"0.8": {
							"vector": [0, -5.5, -5.5],
							"easing": "easeInOutSine"
						}
					}
				},
				"left_arm": {
					"rotation": {
						"0.0": {
							"vector": [-11.07159, 5.78925, -26.21866],
							"easing": "easeInSine"
						},
						"0.2": {
							"vector": [44.85087, 10.81, -24.67868],
							"easing": "easeInOutSine"
						},
						"0.4": {
							"vector": [-11.07159, 5.78925, -26.21866],
							"easing": "easeInOutSine"
						},
						"0.6": {
							"vector": [44.85087, 10.81, -24.67868],
							"easing": "easeInOutSine"
						},
						"0.8": {
							"vector": [-11.07159, 5.78925, -26.21866],
							"easing": "easeInOutSine"
						}
					},
					"position": {
						"0.0": {
							"vector": [0, -10, -11.5]
						},
						"0.4": {
							"vector": [0, -8.5, -10.5],
							"easing": "easeInOutSine"
						},
						"0.8": {
							"vector": [0, -10, -11.5],
							"easing": "easeInOutSine"
						}
					}
				},
				"right_arm": {
					"rotation": {
						"0.0": {
							"vector": [-77.88827, -27.26438, 75.80681]
						},
						"0.2": {
							"vector": [-79.47834, -23.58449, 76.60364],
							"easing": "easeInSine"
						},
						"0.4": {
							"vector": [-80.64198, -24.81885, 76.38457],
							"easing": "easeInSine"
						},
						"0.6": {
							"vector": [-78.74717, -30.95002, 75.01106],
							"easing": "easeInSine"
						},
						"0.8": {
							"vector": [-77.88827, -27.26438, 75.80681]
						}
					},
					"position": {
						"0.0": {
							"vector": [0, -10.5, -12]
						},
						"0.4": {
							"vector": [0, -8.5, -11],
							"easing": "easeInOutSine"
						},
						"0.8": {
							"vector": [0, -10.5, -12],
							"easing": "easeInOutSine"
						}
					}
				},
				"left_leg": {
					"rotation": {
						"0.0": {
							"vector": [45, 0, 0]
						},
						"0.2": {
							"vector": [-47.5, 0, 0],
							"easing": "easeInOutSine"
						},
						"0.4": {
							"vector": [45, 0, 0],
							"easing": "easeInOutSine"
						},
						"0.6": {
							"vector": [-47.5, 0, 0],
							"easing": "easeInOutSine"
						},
						"0.8": {
							"vector": [45, 0, 0],
							"easing": "easeInOutSine"
						}
					},
					"position": {
						"0.0": {
							"vector": [0, 0, 0]
						},
						"0.8": {
							"vector": [0, 0, 0]
						}
					}
				},
				"right_leg": {
					"rotation": {
						"0.0": {
							"vector": [-47.5, 0, 0],
							"easing": "easeInOutSine"
						},
						"0.2": {
							"vector": [45, 0, 0],
							"easing": "easeInOutSine"
						},
						"0.4": {
							"vector": [-47.5, 0, 0],
							"easing": "easeInOutSine"
						},
						"0.6": {
							"vector": [45, 0, 0],
							"easing": "easeInOutSine"
						},
						"0.8": {
							"vector": [-47.5, 0, 0],
							"easing": "easeInOutSine"
						}
					},
					"position": {
						"0.0": {
							"vector": [0, 0, 0]
						},
						"0.8": {
							"vector": [0, 0, 0]
						}
					}
				},
				"jaw": {
					"position": {
						"vector": [0, -1.5, 0]
					}
				},
				"left_hand": {
					"rotation": {
						"0.0": {
							"vector": [0, 60, 0]
						},
						"0.24": {
							"vector": [51.93606, 35.80852, 65.38438],
							"easing": "easeInOutSine"
						},
						"0.4": {
							"vector": [0, 60, 0],
							"easing": "easeInOutSine"
						},
						"0.64": {
							"vector": [51.93606, 35.80852, 65.38438],
							"easing": "easeInOutSine"
						},
						"0.8": {
							"vector": [0, 60, 0],
							"easing": "easeInOutSine"
						}
					}
				},
				"right_hand": {
					"rotation": {
						"0.0": {
							"vector": [-3.69066, 3.37562, 40.44121]
						},
						"0.28": {
							"vector": [-4.33287, 2.49762, 27.9555],
							"easing": "easeInOutSine"
						},
						"0.8": {
							"vector": [-3.69066, 3.37562, 40.44121],
							"easing": "easeInOutSine"
						}
					}
				},
				"left_lower_arm": {
					"rotation": {
						"0.0": {
							"vector": [-40, 0, 0]
						},
						"0.2": {
							"vector": [2.5, 0, 0],
							"easing": "easeInOutSine"
						},
						"0.4": {
							"vector": [-40, 0, 0],
							"easing": "easeInOutSine"
						},
						"0.6": {
							"vector": [2.5, 0, 0],
							"easing": "easeInOutSine"
						},
						"0.8": {
							"vector": [-40, 0, 0],
							"easing": "easeInOutSine"
						}
					}
				},
				"left_thumb": {
					"rotation": {
						"vector": [-18.19144, 13.47157, 35.3335]
					}
				},
				"right_lower_arm": {
					"rotation": {
						"0.0": {
							"vector": [0, 0, 0]
						},
						"0.2": {
							"vector": [0, 0, 5],
							"easing": "easeInOutSine"
						},
						"0.4": {
							"vector": [0, 0, 7.5],
							"easing": "easeInOutSine"
						},
						"0.6": {
							"vector": [0, 0, 7.5],
							"easing": "easeInOutSine"
						},
						"0.8": {
							"vector": [0, 0, 0],
							"easing": "easeInOutSine"
						}
					}
				},
				"right_fingers": {
					"rotation": {
						"vector": [0, 0, 35]
					}
				},
				"right_thumb": {
					"rotation": {
						"vector": [-31.84407, -15.35793, -23.09454]
					}
				},
				"left_leg_bottom": {
					"rotation": {
						"0.0": {
							"vector": [60, 0, 0]
						},
						"0.2": {
							"vector": [12.5, 0, 0],
							"easing": "easeInOutSine"
						},
						"0.4": {
							"vector": [60, 0, 0],
							"easing": "easeInOutSine"
						},
						"0.6": {
							"vector": [12.5, 0, 0],
							"easing": "easeInOutSine"
						},
						"0.8": {
							"vector": [60, 0, 0],
							"easing": "easeInOutSine"
						}
					}
				},
				"left_foot": {
					"rotation": {
						"0.0": {
							"vector": [32.5, 0, 0]
						},
						"0.2": {
							"vector": [-10, 0, 0],
							"easing": "easeInOutSine"
						},
						"0.4": {
							"vector": [32.5, 0, 0],
							"easing": "easeInOutSine"
						},
						"0.6": {
							"vector": [-10, 0, 0],
							"easing": "easeInOutSine"
						},
						"0.8": {
							"vector": [-10, 0, 0],
							"easing": "easeInOutSine"
						}
					}
				},
				"right_leg_bottom": {
					"rotation": {
						"0.0": {
							"vector": [12.5, 0, 0]
						},
						"0.2": {
							"vector": [60, 0, 0],
							"easing": "easeInOutSine"
						},
						"0.4": {
							"vector": [12.5, 0, 0],
							"easing": "easeInOutSine"
						},
						"0.6": {
							"vector": [60, 0, 0],
							"easing": "easeInOutSine"
						},
						"0.8": {
							"vector": [12.5, 0, 0],
							"easing": "easeInOutSine"
						}
					}
				},
				"right_foot": {
					"rotation": {
						"0.0": {
							"vector": [-10, 0, 0],
							"easing": "easeInOutSine"
						},
						"0.2": {
							"vector": [32.5, 0, 0],
							"easing": "easeInOutSine"
						},
						"0.4": {
							"vector": [-10, 0, 0],
							"easing": "easeInOutSine"
						},
						"0.6": {
							"vector": [32.5, 0, 0],
							"easing": "easeInOutSine"
						},
						"0.8": {
							"vector": [-10, 0, 0],
							"easing": "easeInOutSine"
						}
					}
				},
				"bone": {
					"scale": {
						"vector": [0, 0, 0]
					}
				}
			}
		},
		"idle": {
			"loop": true,
			"animation_length": 2.84,
			"bones": {
				"head": {
					"rotation": {
						"0.0": {
							"vector": [0, 0, 0]
						},
						"0.56": {
							"vector": [0, 0, 0]
						},
						"0.6": {
							"vector": [0, 0, -52.5],
							"easing": "easeInBounce"
						},
						"0.64": {
							"vector": [0, 0, 0]
						},
						"1.76": {
							"vector": [0, 0, 0]
						},
						"1.8": {
							"vector": [0, 0, 70],
							"easing": "easeInBounce"
						},
						"1.84": {
							"vector": [0, 0, 0]
						},
						"2.84": {
							"vector": [0, 0, 0]
						}
					},
					"position": {
						"0.0": {
							"vector": [0, 0, 0]
						},
						"2.84": {
							"vector": [0, 0, 0]
						}
					},
					"scale": {
						"0.0": {
							"vector": [1, 1, 1]
						},
						"2.84": {
							"vector": [1, 1, 1]
						}
					}
				},
				"body": {
					"rotation": {
						"0.0": {
							"vector": [0, 0, 0]
						},
						"2.84": {
							"vector": [0, 0, 0]
						}
					},
					"position": {
						"0.0": {
							"vector": [0, 0, 0]
						},
						"1.32": {
							"vector": [0, 0.2, 0],
							"easing": "easeInOutSine"
						},
						"2.84": {
							"vector": [0, 0, 0],
							"easing": "easeInOutSine"
						}
					},
					"scale": {
						"0.0": {
							"vector": [1, 1, 1]
						},
						"2.84": {
							"vector": [1, 1, 1]
						}
					}
				},
				"left_arm": {
					"rotation": {
						"0.0": {
							"vector": [0, 0, 0]
						},
						"1.28": {
							"vector": [0, 0, 0.5],
							"easing": "easeInOutElastic"
						},
						"2.84": {
							"vector": [0, 0, 0],
							"easing": "easeInOutSine"
						}
					},
					"position": {
						"0.0": {
							"vector": [0, 0, 0]
						},
						"1.28": {
							"vector": [0, 0.2, 0],
							"easing": "easeInOutSine"
						},
						"2.84": {
							"vector": [0, 0, 0],
							"easing": "easeInOutSine"
						}
					},
					"scale": {
						"0.0": {
							"vector": [1, 1, 1]
						},
						"2.84": {
							"vector": [1, 1, 1]
						}
					}
				},
				"right_arm": {
					"rotation": {
						"0.0": {
							"vector": [0, 0, 0]
						},
						"1.28": {
							"vector": [0, 0, -0.5],
							"easing": "easeInOutElastic"
						},
						"2.84": {
							"vector": [0, 0, 0],
							"easing": "easeInOutSine"
						}
					},
					"position": {
						"0.0": {
							"vector": [0, 0, 0]
						},
						"1.28": {
							"vector": [0, 0.2, 0],
							"easing": "easeInOutSine"
						},
						"2.84": {
							"vector": [0, 0, 0],
							"easing": "easeInOutSine"
						}
					},
					"scale": {
						"0.0": {
							"vector": [1, 1, 1]
						},
						"2.84": {
							"vector": [1, 1, 1]
						}
					}
				},
				"jaw": {
					"position": {
						"0.0": {
							"vector": [0, 0, 0]
						},
						"1.32": {
							"vector": [0, -0.1, 0]
						},
						"2.84": {
							"vector": [0, 0, 0]
						}
					}
				},
				"left_hand": {
					"rotation": {
						"vector": [0, 0, 0]
					}
				},
				"right_hand": {
					"rotation": {
						"vector": [0, 0, 0]
					}
				},
				"bone": {
					"scale": {
						"vector": [0, 0, 0]
					}
				}
			}
		},
		"tpose": {
			"loop": true,
			"bones": {
				"body": {
					"rotation": {
						"vector": [-2.5, 0, 0]
					}
				},
				"left_arm": {
					"rotation": {
						"vector": [0, 0, -77.5]
					}
				},
				"right_arm": {
					"rotation": {
						"vector": [0, 0, 77.5]
					}
				},
				"left_leg": {
					"rotation": {
						"vector": [0, 0, 0]
					}
				},
				"right_leg": {
					"rotation": {
						"vector": [0, 0, 0]
					}
				},
				"jaw": {
					"position": {
						"vector": [0, 0, 0]
					}
				},
				"left_hand": {
					"rotation": {
						"vector": [0, 0, 0]
					}
				},
				"right_hand": {
					"rotation": {
						"vector": [0, 0, 0]
					}
				}
			}
		},
		"stalking": {
			"loop": true,
			"animation_length": 2.84,
			"bones": {
				"head": {
					"rotation": {
						"0.0": {
							"vector": [0, 0, 0]
						},
						"0.36": {
							"vector": [0, 0, 0]
						},
						"0.4": {
							"vector": [0, 0, -77.5],
							"easing": "easeInBounce"
						},
						"0.44": {
							"vector": [0, 0, 0]
						},
						"1.72": {
							"vector": [0, 0, 0]
						},
						"1.76": {
							"vector": [0, 0, 85],
							"easing": "easeInBounce"
						},
						"1.8": {
							"vector": [0, 0, 0]
						},
						"2.64": {
							"vector": [0, 0, 0]
						},
						"2.68": {
							"vector": [0, 0, 7.5],
							"easing": "easeInBounce"
						},
						"2.72": {
							"vector": [0, 0, 0]
						},
						"2.84": {
							"vector": [0, 0, 0]
						}
					},
					"position": {
						"0.0": {
							"vector": [0, 0, 0]
						},
						"2.84": {
							"vector": [0, 0, 0]
						}
					},
					"scale": {
						"0.0": {
							"vector": [1, 1, 1]
						},
						"2.84": {
							"vector": [1, 1, 1]
						}
					}
				},
				"body": {
					"rotation": {
						"0.0": {
							"vector": [0, 0, 0]
						},
						"2.84": {
							"vector": [0, 0, 0]
						}
					},
					"position": {
						"0.0": {
							"vector": [0, 0, 0]
						},
						"1.32": {
							"vector": [0, 0.2, 0],
							"easing": "easeOutSine"
						},
						"2.84": {
							"vector": [0, 0, 0]
						}
					},
					"scale": {
						"0.0": {
							"vector": [1, 1, 1]
						},
						"2.84": {
							"vector": [1, 1, 1]
						}
					}
				},
				"left_arm": {
					"rotation": {
						"0.0": {
							"vector": [-17.5, 0, 0.48006],
							"easing": "easeInOutSine"
						},
						"1.28": {
							"vector": [20, 0, 0.24359],
							"easing": "easeInOutSine"
						},
						"2.84": {
							"vector": [-17.5, 0, 0.48006],
							"easing": "easeInOutSine"
						}
					},
					"position": {
						"0.0": {
							"vector": [0, 0, 0]
						},
						"1.28": {
							"vector": [0, 0.2, 0]
						},
						"2.84": {
							"vector": [0, 0, 0]
						}
					},
					"scale": {
						"0.0": {
							"vector": [1, 1, 1]
						},
						"2.84": {
							"vector": [1, 1, 1]
						}
					}
				},
				"right_arm": {
					"rotation": {
						"0.0": {
							"vector": [20, 0, 0.24359],
							"easing": "linear"
						},
						"1.28": {
							"vector": [-17.5, 0, -0.4801],
							"easing": "easeInOutSine"
						},
						"2.84": {
							"vector": [20, 0, 0.24359],
							"easing": "easeInOutSine"
						}
					},
					"position": {
						"0.0": {
							"vector": [0, 0, 0]
						},
						"1.28": {
							"vector": [0, 0.2, 0]
						},
						"2.84": {
							"vector": [0, 0, 0]
						}
					},
					"scale": {
						"0.0": {
							"vector": [1, 1, 1]
						},
						"2.84": {
							"vector": [1, 1, 1]
						}
					}
				},
				"left_leg": {
					"rotation": {
						"0.0": {
							"vector": [20, 0, 0.24359],
							"easing": "easeInOutSine"
						},
						"1.28": {
							"vector": [-17.5, 0, 0.48006],
							"easing": "easeInOutSine"
						},
						"2.84": {
							"vector": [20, 0, 0.24359],
							"easing": "easeInOutSine"
						}
					},
					"position": {
						"0.0": {
							"vector": [0, 0, 0]
						},
						"2.84": {
							"vector": [0, 0, 0]
						}
					},
					"scale": {
						"0.0": {
							"vector": [1, 1, 1]
						},
						"2.84": {
							"vector": [1, 1, 1]
						}
					}
				},
				"right_leg": {
					"rotation": {
						"0.0": {
							"vector": [-17.5, 0, 0.48006],
							"easing": "easeInOutSine"
						},
						"1.28": {
							"vector": [20, 0, 0.24359],
							"easing": "easeInOutSine"
						},
						"2.84": {
							"vector": [-17.5, 0, 0.48006],
							"easing": "easeInOutSine"
						}
					},
					"position": {
						"0.0": {
							"vector": [0, 0, 0]
						},
						"2.84": {
							"vector": [0, 0, 0]
						}
					},
					"scale": {
						"0.0": {
							"vector": [1, 1, 1]
						},
						"2.84": {
							"vector": [1, 1, 1]
						}
					}
				},
				"jaw": {
					"position": {
						"vector": [0, 0, 0]
					}
				},
				"left_hand": {
					"rotation": {
						"0.0": {
							"vector": [-12.5, 0, 0]
						},
						"1.32": {
							"vector": [0, 0, 0],
							"easing": "easeInOutSine"
						},
						"2.84": {
							"vector": [-12.5, 0, 0],
							"easing": "easeInOutSine"
						}
					}
				},
				"right_hand": {
					"rotation": {
						"0.0": {
							"vector": [0, 0, 0],
							"easing": "easeInOutSine"
						},
						"1.32": {
							"vector": [-12.5, 0, 0],
							"easing": "easeInOutSine"
						},
						"2.84": {
							"vector": [0, 0, 0],
							"easing": "easeInOutSine"
						}
					}
				},
				"left_lower_arm": {
					"rotation": {
						"0.0": {
							"vector": [0, 0, 0]
						},
						"1.32": {
							"vector": [10, 0, 0],
							"easing": "easeInOutSine"
						},
						"2.84": {
							"vector": [0, 0, 0],
							"easing": "easeInOutSine"
						}
					}
				},
				"right_lower_arm": {
					"rotation": {
						"0.0": {
							"vector": [10, 0, 0],
							"easing": "easeInOutSine"
						},
						"1.32": {
							"vector": [0, 0, 0],
							"easing": "easeInOutSine"
						},
						"2.84": {
							"vector": [10, 0, 0],
							"easing": "easeInOutSine"
						}
					}
				},
				"left_leg_bottom": {
					"rotation": {
						"0.0": {
							"vector": [12.5, 0, 0],
							"easing": "easeInOutSine"
						},
						"1.28": {
							"vector": [0, 0, 0],
							"easing": "easeInOutSine"
						},
						"2.84": {
							"vector": [12.5, 0, 0],
							"easing": "easeInOutSine"
						}
					}
				},
				"left_foot": {
					"rotation": {
						"0.0": {
							"vector": [-17.5, 0, 0],
							"easing": "easeInOutSine"
						},
						"0.6": {
							"vector": [-10.13, 0, 0]
						},
						"1.48": {
							"vector": [17.5, 0, 0],
							"easing": "easeInOutSine"
						},
						"2.52": {
							"vector": [-17.5, 0, 0],
							"easing": "easeInOutSine"
						}
					}
				},
				"right_leg_bottom": {
					"rotation": {
						"0.0": {
							"vector": [0, 0, 0],
							"easing": "easeInOutSine"
						},
						"1.28": {
							"vector": [12.5, 0, 0],
							"easing": "easeInOutSine"
						},
						"2.84": {
							"vector": [0, 0, 0],
							"easing": "easeInOutSine"
						}
					}
				},
				"right_foot": {
					"rotation": {
						"0.12": {
							"vector": [17.5, 0, 0],
							"easing": "easeInOutSine"
						},
						"1.08": {
							"vector": [-17.5, 0, 0],
							"easing": "easeInOutSine"
						},
						"1.48": {
							"vector": [-20.13, 0, 0]
						},
						"1.88": {
							"vector": [-10.13, 0, 0]
						},
						"2.84": {
							"vector": [17.5, 0, 0],
							"easing": "easeInOutSine"
						}
					}
				},
				"bone": {
					"scale": {
						"vector": [0, 0, 0]
					}
				}
			}
		}
	},
	"geckolib_format_version": 2
}