{
	"format_version": "1.8.0",
	"animations": {
		"animation.midnightlurkerphantomhead.idle": {
			"loop": true,
			"animation_length": 0.04
		},
		"animation.midnightlurkerphantomhead.close": {
			"loop": true,
			"animation_length": 5.8,
			"bones": {
				"head": {
					"rotation": {
						"0.0": {
							"vector": [0, 3, 0]
						},
						"0.04": {
							"vector": [0, -3, 0]
						},
						"0.08": {
							"vector": [0, 3, 0]
						},
						"0.12": {
							"vector": [0, -3, 0]
						},
						"0.16": {
							"vector": [0, 3, 0]
						},
						"0.2": {
							"vector": [0, -3, 0]
						},
						"0.24": {
							"vector": [0, 3, 0]
						},
						"0.28": {
							"vector": [0, -3, 0]
						},
						"0.32": {
							"vector": [0, 3, 0]
						},
						"0.36": {
							"vector": [0, -3, 0]
						},
						"0.4": {
							"vector": [0, 3, 0]
						},
						"0.44": {
							"vector": [0, -3, 0]
						},
						"0.48": {
							"vector": [0, 3, 0]
						},
						"0.52": {
							"vector": [0, -3, 0]
						},
						"0.56": {
							"vector": [0, 3, 0]
						},
						"0.6": {
							"vector": [0, -3, 0]
						},
						"0.64": {
							"vector": [0, 3, 0]
						},
						"0.68": {
							"vector": [0, -3, 0]
						},
						"0.72": {
							"vector": [0, 3, 0]
						},
						"0.76": {
							"vector": [0, -3, 0]
						},
						"0.8": {
							"vector": [0, 3, 0]
						},
						"0.84": {
							"vector": [0, -3, 0]
						},
						"0.88": {
							"vector": [0, 3, 0]
						},
						"0.92": {
							"vector": [0, -3, 0]
						},
						"0.96": {
							"vector": [0, 3, 0]
						},
						"1.0": {
							"vector": [0, -3, 0]
						},
						"1.04": {
							"vector": [0, 3, 0]
						},
						"1.08": {
							"vector": [0, -3, 0]
						},
						"1.12": {
							"vector": [0, 3, 0]
						},
						"1.16": {
							"vector": [0, -3, 0]
						},
						"1.2": {
							"vector": [0, 3, 0]
						},
						"1.24": {
							"vector": [0, -3, 0]
						},
						"1.28": {
							"vector": [0, 3, 0]
						},
						"1.32": {
							"vector": [0, -3, 0]
						},
						"1.36": {
							"vector": [0, 3, 0]
						},
						"1.4": {
							"vector": [0, -3, 0]
						},
						"1.44": {
							"vector": [0, 3, 0]
						},
						"1.48": {
							"vector": [0, -3, 0]
						},
						"1.52": {
							"vector": [0, 3, 0]
						},
						"1.56": {
							"vector": [0, -3, 0]
						},
						"1.6": {
							"vector": [0, 3, 0]
						},
						"1.64": {
							"vector": [0, -3, 0]
						},
						"1.68": {
							"vector": [0, 3, 0]
						},
						"1.72": {
							"vector": [0, -3, 0]
						},
						"1.76": {
							"vector": [0, 3, 0]
						},
						"1.8": {
							"vector": [0, -3, 0]
						},
						"1.84": {
							"vector": [0, 3, 0]
						},
						"1.88": {
							"vector": [0, -3, 0]
						},
						"1.92": {
							"vector": [0, 3, 0]
						},
						"1.96": {
							"vector": [0, -3, 0]
						},
						"2.0": {
							"vector": [0, 3, 0]
						},
						"2.04": {
							"vector": [0, -3, 0]
						},
						"2.08": {
							"vector": [0, 3, 0]
						},
						"2.12": {
							"vector": [0, -3, 0]
						},
						"2.16": {
							"vector": [0, 3, 0]
						},
						"2.2": {
							"vector": [0, -3, 0]
						},
						"2.24": {
							"vector": [0, 3, 0]
						},
						"2.28": {
							"vector": [0, -3, 0]
						},
						"2.32": {
							"vector": [0, 3, 0]
						},
						"2.36": {
							"vector": [0, -3, 0]
						},
						"2.4": {
							"vector": [0, 3, 0]
						},
						"2.44": {
							"vector": [0, -3, 0]
						},
						"2.48": {
							"vector": [0, 3, 0]
						},
						"2.52": {
							"vector": [0, -3, 0]
						},
						"2.56": {
							"vector": [0, 3, 0]
						},
						"2.6": {
							"vector": [0, -3, 0]
						},
						"2.64": {
							"vector": [0, 3, 0]
						},
						"2.68": {
							"vector": [0, -3, 0]
						},
						"2.72": {
							"vector": [0, 3, 0]
						},
						"2.76": {
							"vector": [0, -3, 0]
						},
						"2.8": {
							"vector": [0, 3, 0]
						},
						"2.84": {
							"vector": [0, -3, 0]
						},
						"2.88": {
							"vector": [0, 3, 0]
						},
						"2.92": {
							"vector": [0, -3, 0]
						},
						"2.96": {
							"vector": [0, 3, 0]
						},
						"3.0": {
							"vector": [0, -3, 0]
						},
						"3.04": {
							"vector": [0, 3, 0]
						},
						"3.08": {
							"vector": [0, -3, 0]
						},
						"3.12": {
							"vector": [0, 3, 0]
						},
						"3.16": {
							"vector": [0, -3, 0]
						},
						"3.2": {
							"vector": [0, 3, 0]
						},
						"3.24": {
							"vector": [0, -3, 0]
						},
						"3.28": {
							"vector": [0, 3, 0]
						},
						"3.32": {
							"vector": [0, -3, 0]
						},
						"3.36": {
							"vector": [0, 3, 0]
						},
						"3.4": {
							"vector": [0, -3, 0]
						},
						"3.44": {
							"vector": [0, 3, 0]
						},
						"3.48": {
							"vector": [0, -3, 0]
						},
						"3.52": {
							"vector": [0, 3, 0]
						},
						"3.56": {
							"vector": [0, -3, 0]
						},
						"3.6": {
							"vector": [0, 3, 0]
						},
						"3.64": {
							"vector": [0, -3, 0]
						},
						"3.68": {
							"vector": [0, 3, 0]
						},
						"3.72": {
							"vector": [0, -3, 0]
						},
						"3.76": {
							"vector": [0, 3, 0]
						},
						"3.8": {
							"vector": [0, -3, 0]
						},
						"3.84": {
							"vector": [0, 3, 0]
						},
						"3.88": {
							"vector": [0, -3, 0]
						},
						"3.92": {
							"vector": [0, 3, 0]
						},
						"3.96": {
							"vector": [0, -3, 0]
						},
						"4.0": {
							"vector": [0, 3, 0]
						},
						"4.04": {
							"vector": [0, -3, 0]
						},
						"4.08": {
							"vector": [0, 3, 0]
						},
						"4.12": {
							"vector": [0, -3, 0]
						},
						"4.16": {
							"vector": [0, 3, 0]
						},
						"4.2": {
							"vector": [0, -3, 0]
						},
						"4.24": {
							"vector": [0, 3, 0]
						},
						"4.28": {
							"vector": [0, -3, 0]
						},
						"4.32": {
							"vector": [0, 3, 0]
						},
						"4.36": {
							"vector": [0, -3, 0]
						},
						"4.4": {
							"vector": [0, 3, 0]
						},
						"4.44": {
							"vector": [0, -3, 0]
						},
						"4.48": {
							"vector": [0, 3, 0]
						},
						"4.52": {
							"vector": [0, -3, 0]
						},
						"4.56": {
							"vector": [0, 3, 0]
						},
						"4.6": {
							"vector": [0, -3, 0]
						},
						"4.64": {
							"vector": [0, 3, 0]
						},
						"4.68": {
							"vector": [0, -3, 0]
						},
						"4.72": {
							"vector": [0, 3, 0]
						},
						"4.76": {
							"vector": [0, -3, 0]
						},
						"4.8": {
							"vector": [0, 3, 0]
						},
						"4.84": {
							"vector": [0, -3, 0]
						},
						"4.88": {
							"vector": [0, 3, 0]
						},
						"4.92": {
							"vector": [0, -3, 0]
						},
						"4.96": {
							"vector": [0, 3, 0]
						},
						"5.0": {
							"vector": [0, -3, 0]
						},
						"5.04": {
							"vector": [0, 3, 0]
						},
						"5.08": {
							"vector": [0, -3, 0]
						},
						"5.12": {
							"vector": [0, 3, 0]
						},
						"5.16": {
							"vector": [0, -3, 0]
						},
						"5.2": {
							"vector": [0, 3, 0]
						},
						"5.24": {
							"vector": [0, -3, 0]
						},
						"5.28": {
							"vector": [0, 3, 0]
						},
						"5.32": {
							"vector": [0, -3, 0]
						},
						"5.36": {
							"vector": [0, 3, 0]
						},
						"5.4": {
							"vector": [0, -3, 0]
						},
						"5.44": {
							"vector": [0, 3, 0]
						},
						"5.48": {
							"vector": [0, -3, 0]
						},
						"5.52": {
							"vector": [0, 3, 0]
						},
						"5.56": {
							"vector": [0, -3, 0]
						},
						"5.6": {
							"vector": [0, 3, 0]
						},
						"5.64": {
							"vector": [0, -3, 0]
						},
						"5.68": {
							"vector": [0, 3, 0]
						},
						"5.72": {
							"vector": [0, -3, 0]
						},
						"5.76": {
							"vector": [0, 3, 0]
						},
						"5.8": {
							"vector": [0, -3, 0]
						}
					}
				},
				"jaw": {
					"position": {
						"0.0": {
							"vector": [0, 0, 0]
						},
						"5.8": {
							"vector": [0, -5, 0]
						}
					}
				}
			}
		}
	},
	"geckolib_format_version": 2
}