{
	"format_version": "1.8.0",
	"animations": {
		"animation.voidgateway": {
			"loop": true,
			"animation_length": 4,
			"bones": {
				"bone2": {
					"rotation": {
						"0.0": {
							"vector": [0, 0, 0]
						},
						"4.0": {
							"vector": [0, 0, 0]
						}
					},
					"position": {
						"0.0": {
							"vector": [0, 0, 0]
						},
						"4.0": {
							"vector": [0, 0, 0]
						}
					},
					"scale": {
						"0.0": {
							"vector": [1, 1, 1]
						},
						"2.0": {
							"vector": [1, 0.9, 1],
							"easing": "easeInOutSine"
						},
						"4.0": {
							"vector": [1, 1, 1],
							"easing": "easeInOutSine"
						}
					}
				}
			}
		},
		"gatewaydarkness": {
			"loop": true,
			"animation_length": 4,
			"bones": {
				"bone2": {
					"rotation": {
						"0.0": {
							"vector": [0, 0, 0]
						},
						"4.0": {
							"vector": [0, 0, 0]
						}
					},
					"position": {
						"0.0": {
							"vector": [0, 0, 0]
						},
						"4.0": {
							"vector": [0, 0, 0]
						}
					},
					"scale": {
						"0.0": {
							"vector": [1, 1, 1]
						},
						"2.0": {
							"vector": [1, 0.9, 1],
							"easing": "easeInOutSine"
						},
						"4.0": {
							"vector": [1, 1, 1],
							"easing": "easeInOutSine"
						}
					}
				}
			}
		},
		"gatewayclose": {
			"animation_length": 0.4,
			"bones": {
				"bone2": {
					"rotation": {
						"vector": [0, 0, 0]
					},
					"position": {
						"vector": [0, 0, 0]
					},
					"scale": {
						"0.0": {
							"vector": [1, 1, 1]
						},
						"0.2": {
							"vector": [1, 0, 1],
							"easing": "easeInOutSine"
						},
						"0.3": {
							"vector": [1, 0, 1],
							"easing": "easeInOutSine"
						}
					}
				},
				"bone": {
					"rotation": {
						"vector": [0, 0, 0]
					},
					"position": {
						"0.0": {
							"vector": [0, 0, 0]
						},
						"0.2": {
							"vector": [0, 0, 0]
						},
						"0.3": {
							"vector": [0, -2, 0]
						}
					},
					"scale": {
						"0.0": {
							"vector": [1, 1, 1]
						},
						"0.3": {
							"vector": [1, 1, 1]
						},
						"0.4": {
							"vector": [0, 0, 0]
						}
					}
				}
			}
		}
	},
	"geckolib_format_version": 2
}