{
	"format_version": "1.12.0",
	"minecraft:geometry": [
		{
			"description": {
				"identifier": "geometry.lurands",
				"texture_width": 128,
				"texture_height": 128,
				"visible_bounds_width": 5,
				"visible_bounds_height": 5,
				"visible_bounds_offset": [0, 1.5, 0]
			},
			"bones": [
				{
					"name": "lurands",
					"pivot": [0, 0, 0]
				},
				{
					"name": "arm1",
					"parent": "lurands",
					"pivot": [0, 0, 1],
					"cubes": [
						{
							"origin": [-1.5, 0, -1],
							"size": [3, 12, 3],
							"uv": {
								"north": {"uv": [122, 115], "uv_size": [2, 2]},
								"east": {"uv": [120, 115], "uv_size": [2, 2]},
								"south": {"uv": [126, 115], "uv_size": [2, 2]},
								"west": {"uv": [124, 115], "uv_size": [2, 2]},
								"up": {"uv": [122, 113], "uv_size": [2, 2]},
								"down": {"uv": [124, 115], "uv_size": [2, -2]}
							}
						}
					]
				},
				{
					"name": "arm2",
					"parent": "arm1",
					"pivot": [0, 11.5, 0.5],
					"cubes": [
						{
							"origin": [-0.75, 11, -0.25],
							"size": [1.5, 14, 1.5],
							"uv": {
								"north": {"uv": [122, 115], "uv_size": [2, 2]},
								"east": {"uv": [120, 115], "uv_size": [2, 2]},
								"south": {"uv": [126, 115], "uv_size": [2, 2]},
								"west": {"uv": [124, 115], "uv_size": [2, 2]},
								"up": {"uv": [122, 113], "uv_size": [2, 2]},
								"down": {"uv": [124, 115], "uv_size": [2, -2]}
							}
						},
						{
							"origin": [-1, 15.5, -0.5],
							"size": [2, 3, 2],
							"uv": {
								"north": {"uv": [122, 115], "uv_size": [2, 2]},
								"east": {"uv": [120, 115], "uv_size": [2, 2]},
								"south": {"uv": [126, 115], "uv_size": [2, 2]},
								"west": {"uv": [124, 115], "uv_size": [2, 2]},
								"up": {"uv": [122, 113], "uv_size": [2, 2]},
								"down": {"uv": [124, 115], "uv_size": [2, -2]}
							}
						},
						{
							"origin": [-1.25, 11, -0.75],
							"size": [2.5, 4.5, 2.5],
							"uv": {
								"north": {"uv": [122, 115], "uv_size": [2, 2]},
								"east": {"uv": [120, 115], "uv_size": [2, 2]},
								"south": {"uv": [126, 115], "uv_size": [2, 2]},
								"west": {"uv": [124, 115], "uv_size": [2, 2]},
								"up": {"uv": [122, 113], "uv_size": [2, 2]},
								"down": {"uv": [124, 115], "uv_size": [2, -2]}
							}
						}
					]
				},
				{
					"name": "hand1",
					"parent": "arm2",
					"pivot": [0, 25, 0.5],
					"cubes": [
						{
							"origin": [-1.5, 25, 0],
							"size": [3, 3, 1],
							"uv": {
								"north": {"uv": [122, 115], "uv_size": [2, 2]},
								"east": {"uv": [120, 115], "uv_size": [2, 2]},
								"south": {"uv": [126, 115], "uv_size": [2, 2]},
								"west": {"uv": [124, 115], "uv_size": [2, 2]},
								"up": {"uv": [122, 113], "uv_size": [2, 2]},
								"down": {"uv": [124, 115], "uv_size": [2, -2]}
							}
						}
					]
				},
				{
					"name": "fingers1",
					"parent": "hand1",
					"pivot": [0, 28, 0.5],
					"cubes": [
						{
							"origin": [0.5, 28, 0],
							"size": [1, 2.5, 1],
							"uv": {
								"north": {"uv": [124, 118.25], "uv_size": [2, -2.5]},
								"east": {"uv": [125, 114.75], "uv_size": [2, 2]},
								"south": {"uv": [123.25, 115], "uv_size": [2, 2]},
								"west": {"uv": [126, 115.75], "uv_size": [2, 2]},
								"up": {"uv": [123.25, 115], "uv_size": [2, 2]},
								"down": {"uv": [125.5, 119.25], "uv_size": [2, -2]}
							}
						},
						{
							"origin": [0.6, 30, 0.1],
							"size": [0.8, 2.5, 0.8],
							"pivot": [1, 30.25, 0.5],
							"rotation": [25, 0, 0],
							"uv": {
								"north": {"uv": [124, 118.25], "uv_size": [2, -2.5]},
								"east": {"uv": [125, 114.75], "uv_size": [2, 2]},
								"south": {"uv": [123.25, 115], "uv_size": [2, 2]},
								"west": {"uv": [126, 115.75], "uv_size": [2, 2]},
								"up": {"uv": [123.25, 115], "uv_size": [2, 2]},
								"down": {"uv": [125.5, 119.25], "uv_size": [2, -2]}
							}
						},
						{
							"origin": [0.7, 31.75, -0.6],
							"size": [0.6, 2, 0.6],
							"pivot": [1, 32, -0.3],
							"rotation": [60, 0, 0],
							"uv": {
								"north": {"uv": [124, 118.25], "uv_size": [2, -2.5]},
								"east": {"uv": [125, 114.75], "uv_size": [2, 2]},
								"south": {"uv": [123.25, 115], "uv_size": [2, 2]},
								"west": {"uv": [126, 115.75], "uv_size": [2, 2]},
								"up": {"uv": [123.25, 115], "uv_size": [2, 2]},
								"down": {"uv": [125.5, 119.25], "uv_size": [2, -2]}
							}
						},
						{
							"origin": [0.8, 32.6, -2],
							"size": [0.4, 2, 0.4],
							"pivot": [1, 32.85, -1.8],
							"rotation": [110, 0, 0],
							"uv": {
								"north": {"uv": [124, 118.25], "uv_size": [2, -2.5]},
								"east": {"uv": [125, 114.75], "uv_size": [2, 2]},
								"south": {"uv": [123.25, 115], "uv_size": [2, 2]},
								"west": {"uv": [126, 115.75], "uv_size": [2, 2]},
								"up": {"uv": [123.25, 115], "uv_size": [2, 2]},
								"down": {"uv": [125.5, 119.25], "uv_size": [2, -2]}
							}
						},
						{
							"origin": [-1.5, 28, 0],
							"size": [1, 2.5, 1],
							"uv": {
								"north": {"uv": [124, 118.25], "uv_size": [2, -2.5]},
								"east": {"uv": [125, 114.75], "uv_size": [2, 2]},
								"south": {"uv": [123.25, 115], "uv_size": [2, 2]},
								"west": {"uv": [126, 115.75], "uv_size": [2, 2]},
								"up": {"uv": [123.25, 115], "uv_size": [2, 2]},
								"down": {"uv": [125.5, 119.25], "uv_size": [2, -2]}
							}
						},
						{
							"origin": [-1.4, 30, 0.1],
							"size": [0.8, 2.5, 0.8],
							"pivot": [-1, 30.25, 0.5],
							"rotation": [25, 0, 0],
							"uv": {
								"north": {"uv": [124, 118.25], "uv_size": [2, -2.5]},
								"east": {"uv": [125, 114.75], "uv_size": [2, 2]},
								"south": {"uv": [123.25, 115], "uv_size": [2, 2]},
								"west": {"uv": [126, 115.75], "uv_size": [2, 2]},
								"up": {"uv": [123.25, 115], "uv_size": [2, 2]},
								"down": {"uv": [125.5, 119.25], "uv_size": [2, -2]}
							}
						},
						{
							"origin": [-1.3, 31.75, -0.6],
							"size": [0.6, 2, 0.6],
							"pivot": [-1, 32, -0.3],
							"rotation": [60, 0, 0],
							"uv": {
								"north": {"uv": [124, 118.25], "uv_size": [2, -2.5]},
								"east": {"uv": [125, 114.75], "uv_size": [2, 2]},
								"south": {"uv": [123.25, 115], "uv_size": [2, 2]},
								"west": {"uv": [126, 115.75], "uv_size": [2, 2]},
								"up": {"uv": [123.25, 115], "uv_size": [2, 2]},
								"down": {"uv": [125.5, 119.25], "uv_size": [2, -2]}
							}
						},
						{
							"origin": [-1.2, 32.6, -2],
							"size": [0.4, 2, 0.4],
							"pivot": [-1, 32.85, -1.8],
							"rotation": [110, 0, 0],
							"uv": {
								"north": {"uv": [124, 118.25], "uv_size": [2, -2.5]},
								"east": {"uv": [125, 114.75], "uv_size": [2, 2]},
								"south": {"uv": [123.25, 115], "uv_size": [2, 2]},
								"west": {"uv": [126, 115.75], "uv_size": [2, 2]},
								"up": {"uv": [123.25, 115], "uv_size": [2, 2]},
								"down": {"uv": [125.5, 119.25], "uv_size": [2, -2]}
							}
						}
					]
				},
				{
					"name": "thumb1",
					"parent": "hand1",
					"pivot": [-1.5, 26, 1],
					"cubes": [
						{
							"origin": [-3, 25.5, 0],
							"size": [1.5, 1, 1],
							"uv": {
								"north": {"uv": [124, 118.25], "uv_size": [2, -2.5]},
								"east": {"uv": [122.5, 114.25], "uv_size": [2, 2]},
								"south": {"uv": [125, 114.25], "uv_size": [2, 2]},
								"west": {"uv": [126, 115.75], "uv_size": [2, 2]},
								"up": {"uv": [125, 116.25], "uv_size": [2, 2]},
								"down": {"uv": [125.5, 119.25], "uv_size": [2, -2]}
							}
						},
						{
							"origin": [-4.3, 25.6, 0.1],
							"size": [1.7, 0.8, 0.8],
							"pivot": [-2.85, 26, 0.5],
							"rotation": [0, -42.5, 0],
							"uv": {
								"north": {"uv": [124, 118.25], "uv_size": [2, -2.5]},
								"east": {"uv": [122.5, 114.25], "uv_size": [2, 2]},
								"south": {"uv": [125, 114.25], "uv_size": [2, 2]},
								"west": {"uv": [126, 115.75], "uv_size": [2, 2]},
								"up": {"uv": [125, 116.25], "uv_size": [2, 2]},
								"down": {"uv": [125.5, 119.25], "uv_size": [2, -2]}
							}
						},
						{
							"origin": [-5.55, 25.8, -2],
							"size": [1.7, 0.4, 0.4],
							"pivot": [-4.1, 26, -1.8],
							"rotation": [0, -130, 0],
							"uv": {
								"north": {"uv": [124, 118.25], "uv_size": [2, -2.5]},
								"east": {"uv": [122.5, 114.25], "uv_size": [2, 2]},
								"south": {"uv": [125, 114.25], "uv_size": [2, 2]},
								"west": {"uv": [126, 115.75], "uv_size": [2, 2]},
								"up": {"uv": [125, 116.25], "uv_size": [2, 2]},
								"down": {"uv": [125.5, 119.25], "uv_size": [2, -2]}
							}
						},
						{
							"origin": [-5.3, 25.7, -0.7],
							"size": [1.7, 0.6, 0.6],
							"pivot": [-3.85, 26, -0.4],
							"rotation": [0, -77.5, 0],
							"uv": {
								"north": {"uv": [124, 118.25], "uv_size": [2, -2.5]},
								"east": {"uv": [122.5, 114.25], "uv_size": [2, 2]},
								"south": {"uv": [125, 114.25], "uv_size": [2, 2]},
								"west": {"uv": [126, 115.75], "uv_size": [2, 2]},
								"up": {"uv": [125, 116.25], "uv_size": [2, 2]},
								"down": {"uv": [125.5, 119.25], "uv_size": [2, -2]}
							}
						}
					]
				},
				{
					"name": "arm3",
					"parent": "lurands",
					"pivot": [-4, 0, -4],
					"cubes": [
						{
							"origin": [-5.5, 0, -5.5],
							"size": [3, 12, 3],
							"uv": {
								"north": {"uv": [124, 115], "uv_size": [-2, 2]},
								"east": {"uv": [126, 115], "uv_size": [-2, 2]},
								"south": {"uv": [128, 115], "uv_size": [-2, 2]},
								"west": {"uv": [122, 115], "uv_size": [-2, 2]},
								"up": {"uv": [124, 113], "uv_size": [-2, 2]},
								"down": {"uv": [126, 115], "uv_size": [-2, -2]}
							}
						}
					]
				},
				{
					"name": "arm4",
					"parent": "arm3",
					"pivot": [-4, 11.5, -4],
					"cubes": [
						{
							"origin": [-4.75, 11, -4.75],
							"size": [1.25, 14, 1.5],
							"uv": {
								"north": {"uv": [124, 115], "uv_size": [-2, 2]},
								"east": {"uv": [126, 115], "uv_size": [-2, 2]},
								"south": {"uv": [128, 115], "uv_size": [-2, 2]},
								"west": {"uv": [122, 115], "uv_size": [-2, 2]},
								"up": {"uv": [124, 113], "uv_size": [-2, 2]},
								"down": {"uv": [126, 115], "uv_size": [-2, -2]}
							}
						},
						{
							"origin": [-5, 15.5, -5],
							"size": [1.75, 3, 2],
							"uv": {
								"north": {"uv": [124, 115], "uv_size": [-2, 2]},
								"east": {"uv": [126, 115], "uv_size": [-2, 2]},
								"south": {"uv": [128, 115], "uv_size": [-2, 2]},
								"west": {"uv": [122, 115], "uv_size": [-2, 2]},
								"up": {"uv": [124, 113], "uv_size": [-2, 2]},
								"down": {"uv": [126, 115], "uv_size": [-2, -2]}
							}
						},
						{
							"origin": [-5.25, 11, -5.25],
							"size": [2.5, 4.5, 2.5],
							"uv": {
								"north": {"uv": [124, 115], "uv_size": [-2, 2]},
								"east": {"uv": [126, 115], "uv_size": [-2, 2]},
								"south": {"uv": [128, 115], "uv_size": [-2, 2]},
								"west": {"uv": [122, 115], "uv_size": [-2, 2]},
								"up": {"uv": [124, 113], "uv_size": [-2, 2]},
								"down": {"uv": [126, 115], "uv_size": [-2, -2]}
							}
						}
					]
				},
				{
					"name": "hand2",
					"parent": "arm4",
					"pivot": [-4, 25, -4],
					"cubes": [
						{
							"origin": [-5.5, 25, -4.5],
							"size": [3, 3, 1],
							"uv": {
								"north": {"uv": [124, 115], "uv_size": [-2, 2]},
								"east": {"uv": [126, 115], "uv_size": [-2, 2]},
								"south": {"uv": [128, 115], "uv_size": [-2, 2]},
								"west": {"uv": [122, 115], "uv_size": [-2, 2]},
								"up": {"uv": [124, 113], "uv_size": [-2, 2]},
								"down": {"uv": [126, 115], "uv_size": [-2, -2]}
							}
						}
					]
				},
				{
					"name": "fingers2",
					"parent": "hand2",
					"pivot": [-4, 28, -3.5],
					"cubes": [
						{
							"origin": [-5.5, 28, -4.5],
							"size": [1, 2.5, 1],
							"uv": {
								"north": {"uv": [126, 118.25], "uv_size": [-2, -2.5]},
								"east": {"uv": [128, 115.75], "uv_size": [-2, 2]},
								"south": {"uv": [125.25, 115], "uv_size": [-2, 2]},
								"west": {"uv": [127, 114.75], "uv_size": [-2, 2]},
								"up": {"uv": [125.25, 115], "uv_size": [-2, 2]},
								"down": {"uv": [127.5, 119.25], "uv_size": [-2, -2]}
							}
						},
						{
							"origin": [-5.4, 30, -4.4],
							"size": [0.8, 2.5, 0.8],
							"pivot": [-5, 30.25, -4],
							"rotation": [25, 0, 0],
							"uv": {
								"north": {"uv": [126, 118.25], "uv_size": [-2, -2.5]},
								"east": {"uv": [128, 115.75], "uv_size": [-2, 2]},
								"south": {"uv": [125.25, 115], "uv_size": [-2, 2]},
								"west": {"uv": [127, 114.75], "uv_size": [-2, 2]},
								"up": {"uv": [125.25, 115], "uv_size": [-2, 2]},
								"down": {"uv": [127.5, 119.25], "uv_size": [-2, -2]}
							}
						},
						{
							"origin": [-5.3, 31.75, -5.1],
							"size": [0.6, 2, 0.6],
							"pivot": [-5, 32, -4.8],
							"rotation": [60, 0, 0],
							"uv": {
								"north": {"uv": [126, 118.25], "uv_size": [-2, -2.5]},
								"east": {"uv": [128, 115.75], "uv_size": [-2, 2]},
								"south": {"uv": [125.25, 115], "uv_size": [-2, 2]},
								"west": {"uv": [127, 114.75], "uv_size": [-2, 2]},
								"up": {"uv": [125.25, 115], "uv_size": [-2, 2]},
								"down": {"uv": [127.5, 119.25], "uv_size": [-2, -2]}
							}
						},
						{
							"origin": [-5.2, 32.6, -6.5],
							"size": [0.4, 2, 0.4],
							"pivot": [-5, 32.85, -6.3],
							"rotation": [110, 0, 0],
							"uv": {
								"north": {"uv": [126, 118.25], "uv_size": [-2, -2.5]},
								"east": {"uv": [128, 115.75], "uv_size": [-2, 2]},
								"south": {"uv": [125.25, 115], "uv_size": [-2, 2]},
								"west": {"uv": [127, 114.75], "uv_size": [-2, 2]},
								"up": {"uv": [125.25, 115], "uv_size": [-2, 2]},
								"down": {"uv": [127.5, 119.25], "uv_size": [-2, -2]}
							}
						},
						{
							"origin": [-3.5, 28, -4.5],
							"size": [1, 2.5, 1],
							"uv": {
								"north": {"uv": [126, 118.25], "uv_size": [-2, -2.5]},
								"east": {"uv": [128, 115.75], "uv_size": [-2, 2]},
								"south": {"uv": [125.25, 115], "uv_size": [-2, 2]},
								"west": {"uv": [127, 114.75], "uv_size": [-2, 2]},
								"up": {"uv": [125.25, 115], "uv_size": [-2, 2]},
								"down": {"uv": [127.5, 119.25], "uv_size": [-2, -2]}
							}
						},
						{
							"origin": [-3.4, 30, -4.4],
							"size": [0.8, 2.5, 0.8],
							"pivot": [-3, 30.25, -4],
							"rotation": [25, 0, 0],
							"uv": {
								"north": {"uv": [126, 118.25], "uv_size": [-2, -2.5]},
								"east": {"uv": [128, 115.75], "uv_size": [-2, 2]},
								"south": {"uv": [125.25, 115], "uv_size": [-2, 2]},
								"west": {"uv": [127, 114.75], "uv_size": [-2, 2]},
								"up": {"uv": [125.25, 115], "uv_size": [-2, 2]},
								"down": {"uv": [127.5, 119.25], "uv_size": [-2, -2]}
							}
						},
						{
							"origin": [-3.3, 31.75, -5.1],
							"size": [0.6, 2, 0.6],
							"pivot": [-3, 32, -4.8],
							"rotation": [60, 0, 0],
							"uv": {
								"north": {"uv": [126, 118.25], "uv_size": [-2, -2.5]},
								"east": {"uv": [128, 115.75], "uv_size": [-2, 2]},
								"south": {"uv": [125.25, 115], "uv_size": [-2, 2]},
								"west": {"uv": [127, 114.75], "uv_size": [-2, 2]},
								"up": {"uv": [125.25, 115], "uv_size": [-2, 2]},
								"down": {"uv": [127.5, 119.25], "uv_size": [-2, -2]}
							}
						},
						{
							"origin": [-3.2, 32.6, -6.5],
							"size": [0.4, 2, 0.4],
							"pivot": [-3, 32.85, -6.3],
							"rotation": [110, 0, 0],
							"uv": {
								"north": {"uv": [126, 118.25], "uv_size": [-2, -2.5]},
								"east": {"uv": [128, 115.75], "uv_size": [-2, 2]},
								"south": {"uv": [125.25, 115], "uv_size": [-2, 2]},
								"west": {"uv": [127, 114.75], "uv_size": [-2, 2]},
								"up": {"uv": [125.25, 115], "uv_size": [-2, 2]},
								"down": {"uv": [127.5, 119.25], "uv_size": [-2, -2]}
							}
						}
					]
				},
				{
					"name": "thumb2",
					"parent": "hand2",
					"pivot": [-2.5, 26, -3.5],
					"cubes": [
						{
							"origin": [-2.5, 25.5, -4.5],
							"size": [1.5, 1, 1],
							"uv": {
								"north": {"uv": [126, 118.25], "uv_size": [-2, -2.5]},
								"east": {"uv": [128, 115.75], "uv_size": [-2, 2]},
								"south": {"uv": [127, 114.25], "uv_size": [-2, 2]},
								"west": {"uv": [124.5, 114.25], "uv_size": [-2, 2]},
								"up": {"uv": [127, 116.25], "uv_size": [-2, 2]},
								"down": {"uv": [127.5, 119.25], "uv_size": [-2, -2]}
							}
						},
						{
							"origin": [-1.4, 25.6, -4.4],
							"size": [1.7, 0.8, 0.8],
							"pivot": [-1.15, 26, -4],
							"rotation": [0, 42.5, 0],
							"uv": {
								"north": {"uv": [126, 118.25], "uv_size": [-2, -2.5]},
								"east": {"uv": [128, 115.75], "uv_size": [-2, 2]},
								"south": {"uv": [127, 114.25], "uv_size": [-2, 2]},
								"west": {"uv": [124.5, 114.25], "uv_size": [-2, 2]},
								"up": {"uv": [127, 116.25], "uv_size": [-2, 2]},
								"down": {"uv": [127.5, 119.25], "uv_size": [-2, -2]}
							}
						},
						{
							"origin": [-0.15, 25.8, -6.5],
							"size": [1.7, 0.4, 0.4],
							"pivot": [0.1, 26, -6.3],
							"rotation": [0, 130, 0],
							"uv": {
								"north": {"uv": [126, 118.25], "uv_size": [-2, -2.5]},
								"east": {"uv": [128, 115.75], "uv_size": [-2, 2]},
								"south": {"uv": [127, 114.25], "uv_size": [-2, 2]},
								"west": {"uv": [124.5, 114.25], "uv_size": [-2, 2]},
								"up": {"uv": [127, 116.25], "uv_size": [-2, 2]},
								"down": {"uv": [127.5, 119.25], "uv_size": [-2, -2]}
							}
						},
						{
							"origin": [-0.4, 25.7, -5.2],
							"size": [1.7, 0.6, 0.6],
							"pivot": [-0.15, 26, -4.9],
							"rotation": [0, 77.5, 0],
							"uv": {
								"north": {"uv": [126, 118.25], "uv_size": [-2, -2.5]},
								"east": {"uv": [128, 115.75], "uv_size": [-2, 2]},
								"south": {"uv": [127, 114.25], "uv_size": [-2, 2]},
								"west": {"uv": [124.5, 114.25], "uv_size": [-2, 2]},
								"up": {"uv": [127, 116.25], "uv_size": [-2, 2]},
								"down": {"uv": [127.5, 119.25], "uv_size": [-2, -2]}
							}
						}
					]
				},
				{
					"name": "arm5",
					"parent": "lurands",
					"pivot": [-4, 0, 5],
					"cubes": [
						{
							"origin": [-5.5, 0, 3.5],
							"size": [3, 12, 3],
							"uv": {
								"north": {"uv": [122, 115], "uv_size": [2, 2]},
								"east": {"uv": [120, 115], "uv_size": [2, 2]},
								"south": {"uv": [126, 115], "uv_size": [2, 2]},
								"west": {"uv": [124, 115], "uv_size": [2, 2]},
								"up": {"uv": [122, 113], "uv_size": [2, 2]},
								"down": {"uv": [124, 115], "uv_size": [2, -2]}
							}
						}
					]
				},
				{
					"name": "arm6",
					"parent": "arm5",
					"pivot": [-4, 11.5, 5],
					"cubes": [
						{
							"origin": [-4.75, 11, 4.25],
							"size": [1.5, 14, 1.5],
							"uv": {
								"north": {"uv": [122, 115], "uv_size": [2, 2]},
								"east": {"uv": [120, 115], "uv_size": [2, 2]},
								"south": {"uv": [126, 115], "uv_size": [2, 2]},
								"west": {"uv": [124, 115], "uv_size": [2, 2]},
								"up": {"uv": [122, 113], "uv_size": [2, 2]},
								"down": {"uv": [124, 115], "uv_size": [2, -2]}
							}
						},
						{
							"origin": [-5, 15.5, 4],
							"size": [2, 3, 2],
							"uv": {
								"north": {"uv": [122, 115], "uv_size": [2, 2]},
								"east": {"uv": [120, 115], "uv_size": [2, 2]},
								"south": {"uv": [126, 115], "uv_size": [2, 2]},
								"west": {"uv": [124, 115], "uv_size": [2, 2]},
								"up": {"uv": [122, 113], "uv_size": [2, 2]},
								"down": {"uv": [124, 115], "uv_size": [2, -2]}
							}
						},
						{
							"origin": [-5.25, 11, 3.75],
							"size": [2.5, 4.5, 2.5],
							"uv": {
								"north": {"uv": [122, 115], "uv_size": [2, 2]},
								"east": {"uv": [120, 115], "uv_size": [2, 2]},
								"south": {"uv": [126, 115], "uv_size": [2, 2]},
								"west": {"uv": [124, 115], "uv_size": [2, 2]},
								"up": {"uv": [122, 113], "uv_size": [2, 2]},
								"down": {"uv": [124, 115], "uv_size": [2, -2]}
							}
						}
					]
				},
				{
					"name": "hand3",
					"parent": "arm6",
					"pivot": [-4, 25, 5],
					"cubes": [
						{
							"origin": [-5.5, 25, 4.5],
							"size": [3, 3, 1],
							"uv": {
								"north": {"uv": [122, 115], "uv_size": [2, 2]},
								"east": {"uv": [120, 115], "uv_size": [2, 2]},
								"south": {"uv": [126, 115], "uv_size": [2, 2]},
								"west": {"uv": [124, 115], "uv_size": [2, 2]},
								"up": {"uv": [122, 113], "uv_size": [2, 2]},
								"down": {"uv": [124, 115], "uv_size": [2, -2]}
							}
						}
					]
				},
				{
					"name": "fingers3",
					"parent": "hand3",
					"pivot": [-4, 28, 5.5],
					"cubes": [
						{
							"origin": [-3.5, 28, 4.5],
							"size": [1, 2.5, 1],
							"uv": {
								"north": {"uv": [124, 118.25], "uv_size": [2, -2.5]},
								"east": {"uv": [125, 114.75], "uv_size": [2, 2]},
								"south": {"uv": [123.25, 115], "uv_size": [2, 2]},
								"west": {"uv": [126, 115.75], "uv_size": [2, 2]},
								"up": {"uv": [123.25, 115], "uv_size": [2, 2]},
								"down": {"uv": [125.5, 119.25], "uv_size": [2, -2]}
							}
						},
						{
							"origin": [-3.4, 30, 4.6],
							"size": [0.8, 2.5, 0.8],
							"pivot": [-3, 30.25, 5],
							"rotation": [25, 0, 0],
							"uv": {
								"north": {"uv": [124, 118.25], "uv_size": [2, -2.5]},
								"east": {"uv": [125, 114.75], "uv_size": [2, 2]},
								"south": {"uv": [123.25, 115], "uv_size": [2, 2]},
								"west": {"uv": [126, 115.75], "uv_size": [2, 2]},
								"up": {"uv": [123.25, 115], "uv_size": [2, 2]},
								"down": {"uv": [125.5, 119.25], "uv_size": [2, -2]}
							}
						},
						{
							"origin": [-3.3, 31.75, 3.9],
							"size": [0.6, 2, 0.6],
							"pivot": [-3, 32, 4.2],
							"rotation": [60, 0, 0],
							"uv": {
								"north": {"uv": [124, 118.25], "uv_size": [2, -2.5]},
								"east": {"uv": [125, 114.75], "uv_size": [2, 2]},
								"south": {"uv": [123.25, 115], "uv_size": [2, 2]},
								"west": {"uv": [126, 115.75], "uv_size": [2, 2]},
								"up": {"uv": [123.25, 115], "uv_size": [2, 2]},
								"down": {"uv": [125.5, 119.25], "uv_size": [2, -2]}
							}
						},
						{
							"origin": [-3.2, 32.6, 2.5],
							"size": [0.4, 2, 0.4],
							"pivot": [-3, 32.85, 2.7],
							"rotation": [110, 0, 0],
							"uv": {
								"north": {"uv": [124, 118.25], "uv_size": [2, -2.5]},
								"east": {"uv": [125, 114.75], "uv_size": [2, 2]},
								"south": {"uv": [123.25, 115], "uv_size": [2, 2]},
								"west": {"uv": [126, 115.75], "uv_size": [2, 2]},
								"up": {"uv": [123.25, 115], "uv_size": [2, 2]},
								"down": {"uv": [125.5, 119.25], "uv_size": [2, -2]}
							}
						},
						{
							"origin": [-5.5, 28, 4.5],
							"size": [1, 2.5, 1],
							"uv": {
								"north": {"uv": [124, 118.25], "uv_size": [2, -2.5]},
								"east": {"uv": [125, 114.75], "uv_size": [2, 2]},
								"south": {"uv": [123.25, 115], "uv_size": [2, 2]},
								"west": {"uv": [126, 115.75], "uv_size": [2, 2]},
								"up": {"uv": [123.25, 115], "uv_size": [2, 2]},
								"down": {"uv": [125.5, 119.25], "uv_size": [2, -2]}
							}
						},
						{
							"origin": [-5.4, 30, 4.6],
							"size": [0.8, 2.5, 0.8],
							"pivot": [-5, 30.25, 5],
							"rotation": [25, 0, 0],
							"uv": {
								"north": {"uv": [124, 118.25], "uv_size": [2, -2.5]},
								"east": {"uv": [125, 114.75], "uv_size": [2, 2]},
								"south": {"uv": [123.25, 115], "uv_size": [2, 2]},
								"west": {"uv": [126, 115.75], "uv_size": [2, 2]},
								"up": {"uv": [123.25, 115], "uv_size": [2, 2]},
								"down": {"uv": [125.5, 119.25], "uv_size": [2, -2]}
							}
						},
						{
							"origin": [-5.3, 31.75, 3.9],
							"size": [0.6, 2, 0.6],
							"pivot": [-5, 32, 4.2],
							"rotation": [60, 0, 0],
							"uv": {
								"north": {"uv": [124, 118.25], "uv_size": [2, -2.5]},
								"east": {"uv": [125, 114.75], "uv_size": [2, 2]},
								"south": {"uv": [123.25, 115], "uv_size": [2, 2]},
								"west": {"uv": [126, 115.75], "uv_size": [2, 2]},
								"up": {"uv": [123.25, 115], "uv_size": [2, 2]},
								"down": {"uv": [125.5, 119.25], "uv_size": [2, -2]}
							}
						},
						{
							"origin": [-5.2, 32.6, 2.5],
							"size": [0.4, 2, 0.4],
							"pivot": [-5, 32.85, 2.7],
							"rotation": [110, 0, 0],
							"uv": {
								"north": {"uv": [124, 118.25], "uv_size": [2, -2.5]},
								"east": {"uv": [125, 114.75], "uv_size": [2, 2]},
								"south": {"uv": [123.25, 115], "uv_size": [2, 2]},
								"west": {"uv": [126, 115.75], "uv_size": [2, 2]},
								"up": {"uv": [123.25, 115], "uv_size": [2, 2]},
								"down": {"uv": [125.5, 119.25], "uv_size": [2, -2]}
							}
						}
					]
				},
				{
					"name": "thumb3",
					"parent": "hand3",
					"pivot": [-5.5, 26, 5.5],
					"cubes": [
						{
							"origin": [-7, 25.5, 4.5],
							"size": [1.5, 1, 1],
							"uv": {
								"north": {"uv": [124, 118.25], "uv_size": [2, -2.5]},
								"east": {"uv": [122.5, 114.25], "uv_size": [2, 2]},
								"south": {"uv": [125, 114.25], "uv_size": [2, 2]},
								"west": {"uv": [126, 115.75], "uv_size": [2, 2]},
								"up": {"uv": [125, 116.25], "uv_size": [2, 2]},
								"down": {"uv": [125.5, 119.25], "uv_size": [2, -2]}
							}
						},
						{
							"origin": [-8.3, 25.6, 4.6],
							"size": [1.7, 0.8, 0.8],
							"pivot": [-6.85, 26, 5],
							"rotation": [0, -42.5, 0],
							"uv": {
								"north": {"uv": [124, 118.25], "uv_size": [2, -2.5]},
								"east": {"uv": [122.5, 114.25], "uv_size": [2, 2]},
								"south": {"uv": [125, 114.25], "uv_size": [2, 2]},
								"west": {"uv": [126, 115.75], "uv_size": [2, 2]},
								"up": {"uv": [125, 116.25], "uv_size": [2, 2]},
								"down": {"uv": [125.5, 119.25], "uv_size": [2, -2]}
							}
						},
						{
							"origin": [-9.55, 25.8, 2.5],
							"size": [1.7, 0.4, 0.4],
							"pivot": [-8.1, 26, 2.7],
							"rotation": [0, -130, 0],
							"uv": {
								"north": {"uv": [124, 118.25], "uv_size": [2, -2.5]},
								"east": {"uv": [122.5, 114.25], "uv_size": [2, 2]},
								"south": {"uv": [125, 114.25], "uv_size": [2, 2]},
								"west": {"uv": [126, 115.75], "uv_size": [2, 2]},
								"up": {"uv": [125, 116.25], "uv_size": [2, 2]},
								"down": {"uv": [125.5, 119.25], "uv_size": [2, -2]}
							}
						},
						{
							"origin": [-9.3, 25.7, 3.8],
							"size": [1.7, 0.6, 0.6],
							"pivot": [-7.85, 26, 4.1],
							"rotation": [0, -77.5, 0],
							"uv": {
								"north": {"uv": [124, 118.25], "uv_size": [2, -2.5]},
								"east": {"uv": [122.5, 114.25], "uv_size": [2, 2]},
								"south": {"uv": [125, 114.25], "uv_size": [2, 2]},
								"west": {"uv": [126, 115.75], "uv_size": [2, 2]},
								"up": {"uv": [125, 116.25], "uv_size": [2, 2]},
								"down": {"uv": [125.5, 119.25], "uv_size": [2, -2]}
							}
						}
					]
				},
				{
					"name": "arm7",
					"parent": "lurands",
					"pivot": [5, 0, 6],
					"cubes": [
						{
							"origin": [3.5, 0, 4.5],
							"size": [3, 12, 3],
							"uv": {
								"north": {"uv": [124, 115], "uv_size": [-2, 2]},
								"east": {"uv": [126, 115], "uv_size": [-2, 2]},
								"south": {"uv": [128, 115], "uv_size": [-2, 2]},
								"west": {"uv": [122, 115], "uv_size": [-2, 2]},
								"up": {"uv": [124, 113], "uv_size": [-2, 2]},
								"down": {"uv": [126, 115], "uv_size": [-2, -2]}
							}
						}
					]
				},
				{
					"name": "arm8",
					"parent": "arm7",
					"pivot": [5, 11.5, 6],
					"cubes": [
						{
							"origin": [4.25, 11, 5.25],
							"size": [1.5, 14, 1.5],
							"uv": {
								"north": {"uv": [124, 115], "uv_size": [-2, 2]},
								"east": {"uv": [126, 115], "uv_size": [-2, 2]},
								"south": {"uv": [128, 115], "uv_size": [-2, 2]},
								"west": {"uv": [122, 115], "uv_size": [-2, 2]},
								"up": {"uv": [124, 113], "uv_size": [-2, 2]},
								"down": {"uv": [126, 115], "uv_size": [-2, -2]}
							}
						},
						{
							"origin": [4, 15.5, 5],
							"size": [2, 3, 2],
							"uv": {
								"north": {"uv": [124, 115], "uv_size": [-2, 2]},
								"east": {"uv": [126, 115], "uv_size": [-2, 2]},
								"south": {"uv": [128, 115], "uv_size": [-2, 2]},
								"west": {"uv": [122, 115], "uv_size": [-2, 2]},
								"up": {"uv": [124, 113], "uv_size": [-2, 2]},
								"down": {"uv": [126, 115], "uv_size": [-2, -2]}
							}
						},
						{
							"origin": [3.75, 11, 4.75],
							"size": [2.5, 4.5, 2.5],
							"uv": {
								"north": {"uv": [124, 115], "uv_size": [-2, 2]},
								"east": {"uv": [126, 115], "uv_size": [-2, 2]},
								"south": {"uv": [128, 115], "uv_size": [-2, 2]},
								"west": {"uv": [122, 115], "uv_size": [-2, 2]},
								"up": {"uv": [124, 113], "uv_size": [-2, 2]},
								"down": {"uv": [126, 115], "uv_size": [-2, -2]}
							}
						}
					]
				},
				{
					"name": "hand4",
					"parent": "arm8",
					"pivot": [5, 25, 6],
					"cubes": [
						{
							"origin": [3.5, 25, 5.5],
							"size": [3, 3, 1],
							"uv": {
								"north": {"uv": [124, 115], "uv_size": [-2, 2]},
								"east": {"uv": [126, 115], "uv_size": [-2, 2]},
								"south": {"uv": [128, 115], "uv_size": [-2, 2]},
								"west": {"uv": [122, 115], "uv_size": [-2, 2]},
								"up": {"uv": [124, 113], "uv_size": [-2, 2]},
								"down": {"uv": [126, 115], "uv_size": [-2, -2]}
							}
						}
					]
				},
				{
					"name": "fingers4",
					"parent": "hand4",
					"pivot": [5, 28, 6.5],
					"cubes": [
						{
							"origin": [3.5, 28, 5.5],
							"size": [1, 2.5, 1],
							"uv": {
								"north": {"uv": [126, 118.25], "uv_size": [-2, -2.5]},
								"east": {"uv": [128, 115.75], "uv_size": [-2, 2]},
								"south": {"uv": [125.25, 115], "uv_size": [-2, 2]},
								"west": {"uv": [127, 114.75], "uv_size": [-2, 2]},
								"up": {"uv": [125.25, 115], "uv_size": [-2, 2]},
								"down": {"uv": [127.5, 119.25], "uv_size": [-2, -2]}
							}
						},
						{
							"origin": [3.6, 30, 5.6],
							"size": [0.8, 2.5, 0.8],
							"pivot": [4, 30.25, 6],
							"rotation": [25, 0, 0],
							"uv": {
								"north": {"uv": [126, 118.25], "uv_size": [-2, -2.5]},
								"east": {"uv": [128, 115.75], "uv_size": [-2, 2]},
								"south": {"uv": [125.25, 115], "uv_size": [-2, 2]},
								"west": {"uv": [127, 114.75], "uv_size": [-2, 2]},
								"up": {"uv": [125.25, 115], "uv_size": [-2, 2]},
								"down": {"uv": [127.5, 119.25], "uv_size": [-2, -2]}
							}
						},
						{
							"origin": [3.7, 31.75, 4.9],
							"size": [0.6, 2, 0.6],
							"pivot": [4, 32, 5.2],
							"rotation": [60, 0, 0],
							"uv": {
								"north": {"uv": [126, 118.25], "uv_size": [-2, -2.5]},
								"east": {"uv": [128, 115.75], "uv_size": [-2, 2]},
								"south": {"uv": [125.25, 115], "uv_size": [-2, 2]},
								"west": {"uv": [127, 114.75], "uv_size": [-2, 2]},
								"up": {"uv": [125.25, 115], "uv_size": [-2, 2]},
								"down": {"uv": [127.5, 119.25], "uv_size": [-2, -2]}
							}
						},
						{
							"origin": [3.8, 32.6, 3.5],
							"size": [0.4, 2, 0.4],
							"pivot": [4, 32.85, 3.7],
							"rotation": [110, 0, 0],
							"uv": {
								"north": {"uv": [126, 118.25], "uv_size": [-2, -2.5]},
								"east": {"uv": [128, 115.75], "uv_size": [-2, 2]},
								"south": {"uv": [125.25, 115], "uv_size": [-2, 2]},
								"west": {"uv": [127, 114.75], "uv_size": [-2, 2]},
								"up": {"uv": [125.25, 115], "uv_size": [-2, 2]},
								"down": {"uv": [127.5, 119.25], "uv_size": [-2, -2]}
							}
						},
						{
							"origin": [5.5, 28, 5.5],
							"size": [1, 2.5, 1],
							"uv": {
								"north": {"uv": [126, 118.25], "uv_size": [-2, -2.5]},
								"east": {"uv": [128, 115.75], "uv_size": [-2, 2]},
								"south": {"uv": [125.25, 115], "uv_size": [-2, 2]},
								"west": {"uv": [127, 114.75], "uv_size": [-2, 2]},
								"up": {"uv": [125.25, 115], "uv_size": [-2, 2]},
								"down": {"uv": [127.5, 119.25], "uv_size": [-2, -2]}
							}
						},
						{
							"origin": [5.6, 30, 5.6],
							"size": [0.8, 2.5, 0.8],
							"pivot": [6, 30.25, 6],
							"rotation": [25, 0, 0],
							"uv": {
								"north": {"uv": [126, 118.25], "uv_size": [-2, -2.5]},
								"east": {"uv": [128, 115.75], "uv_size": [-2, 2]},
								"south": {"uv": [125.25, 115], "uv_size": [-2, 2]},
								"west": {"uv": [127, 114.75], "uv_size": [-2, 2]},
								"up": {"uv": [125.25, 115], "uv_size": [-2, 2]},
								"down": {"uv": [127.5, 119.25], "uv_size": [-2, -2]}
							}
						},
						{
							"origin": [5.7, 31.75, 4.9],
							"size": [0.6, 2, 0.6],
							"pivot": [6, 32, 5.2],
							"rotation": [60, 0, 0],
							"uv": {
								"north": {"uv": [126, 118.25], "uv_size": [-2, -2.5]},
								"east": {"uv": [128, 115.75], "uv_size": [-2, 2]},
								"south": {"uv": [125.25, 115], "uv_size": [-2, 2]},
								"west": {"uv": [127, 114.75], "uv_size": [-2, 2]},
								"up": {"uv": [125.25, 115], "uv_size": [-2, 2]},
								"down": {"uv": [127.5, 119.25], "uv_size": [-2, -2]}
							}
						},
						{
							"origin": [5.8, 32.6, 3.5],
							"size": [0.4, 2, 0.4],
							"pivot": [6, 32.85, 3.7],
							"rotation": [110, 0, 0],
							"uv": {
								"north": {"uv": [126, 118.25], "uv_size": [-2, -2.5]},
								"east": {"uv": [128, 115.75], "uv_size": [-2, 2]},
								"south": {"uv": [125.25, 115], "uv_size": [-2, 2]},
								"west": {"uv": [127, 114.75], "uv_size": [-2, 2]},
								"up": {"uv": [125.25, 115], "uv_size": [-2, 2]},
								"down": {"uv": [127.5, 119.25], "uv_size": [-2, -2]}
							}
						}
					]
				},
				{
					"name": "thumb4",
					"parent": "hand4",
					"pivot": [6.5, 26, 6.5],
					"cubes": [
						{
							"origin": [6.5, 25.5, 5.5],
							"size": [1.5, 1, 1],
							"uv": {
								"north": {"uv": [126, 118.25], "uv_size": [-2, -2.5]},
								"east": {"uv": [128, 115.75], "uv_size": [-2, 2]},
								"south": {"uv": [127, 114.25], "uv_size": [-2, 2]},
								"west": {"uv": [124.5, 114.25], "uv_size": [-2, 2]},
								"up": {"uv": [127, 116.25], "uv_size": [-2, 2]},
								"down": {"uv": [127.5, 119.25], "uv_size": [-2, -2]}
							}
						},
						{
							"origin": [7.6, 25.6, 5.6],
							"size": [1.7, 0.8, 0.8],
							"pivot": [7.85, 26, 6],
							"rotation": [0, 42.5, 0],
							"uv": {
								"north": {"uv": [126, 118.25], "uv_size": [-2, -2.5]},
								"east": {"uv": [128, 115.75], "uv_size": [-2, 2]},
								"south": {"uv": [127, 114.25], "uv_size": [-2, 2]},
								"west": {"uv": [124.5, 114.25], "uv_size": [-2, 2]},
								"up": {"uv": [127, 116.25], "uv_size": [-2, 2]},
								"down": {"uv": [127.5, 119.25], "uv_size": [-2, -2]}
							}
						},
						{
							"origin": [8.85, 25.8, 3.5],
							"size": [1.7, 0.4, 0.4],
							"pivot": [9.1, 26, 3.7],
							"rotation": [0, 130, 0],
							"uv": {
								"north": {"uv": [126, 118.25], "uv_size": [-2, -2.5]},
								"east": {"uv": [128, 115.75], "uv_size": [-2, 2]},
								"south": {"uv": [127, 114.25], "uv_size": [-2, 2]},
								"west": {"uv": [124.5, 114.25], "uv_size": [-2, 2]},
								"up": {"uv": [127, 116.25], "uv_size": [-2, 2]},
								"down": {"uv": [127.5, 119.25], "uv_size": [-2, -2]}
							}
						},
						{
							"origin": [8.6, 25.7, 4.8],
							"size": [1.7, 0.6, 0.6],
							"pivot": [8.85, 26, 5.1],
							"rotation": [0, 77.5, 0],
							"uv": {
								"north": {"uv": [126, 118.25], "uv_size": [-2, -2.5]},
								"east": {"uv": [128, 115.75], "uv_size": [-2, 2]},
								"south": {"uv": [127, 114.25], "uv_size": [-2, 2]},
								"west": {"uv": [124.5, 114.25], "uv_size": [-2, 2]},
								"up": {"uv": [127, 116.25], "uv_size": [-2, 2]},
								"down": {"uv": [127.5, 119.25], "uv_size": [-2, -2]}
							}
						}
					]
				},
				{
					"name": "arm9",
					"parent": "lurands",
					"pivot": [4.5, 0, -3],
					"cubes": [
						{
							"origin": [3, 0, -4.5],
							"size": [3, 12, 3],
							"uv": {
								"north": {"uv": [122, 115], "uv_size": [2, 2]},
								"east": {"uv": [120, 115], "uv_size": [2, 2]},
								"south": {"uv": [126, 115], "uv_size": [2, 2]},
								"west": {"uv": [124, 115], "uv_size": [2, 2]},
								"up": {"uv": [122, 113], "uv_size": [2, 2]},
								"down": {"uv": [124, 115], "uv_size": [2, -2]}
							}
						}
					]
				},
				{
					"name": "arm10",
					"parent": "arm9",
					"pivot": [4.5, 11.5, -3],
					"cubes": [
						{
							"origin": [3.75, 11, -3.75],
							"size": [1.5, 14, 1.5],
							"uv": {
								"north": {"uv": [122, 115], "uv_size": [2, 2]},
								"east": {"uv": [120, 115], "uv_size": [2, 2]},
								"south": {"uv": [126, 115], "uv_size": [2, 2]},
								"west": {"uv": [124, 115], "uv_size": [2, 2]},
								"up": {"uv": [122, 113], "uv_size": [2, 2]},
								"down": {"uv": [124, 115], "uv_size": [2, -2]}
							}
						},
						{
							"origin": [3.5, 15.5, -4],
							"size": [2, 3, 2],
							"uv": {
								"north": {"uv": [122, 115], "uv_size": [2, 2]},
								"east": {"uv": [120, 115], "uv_size": [2, 2]},
								"south": {"uv": [126, 115], "uv_size": [2, 2]},
								"west": {"uv": [124, 115], "uv_size": [2, 2]},
								"up": {"uv": [122, 113], "uv_size": [2, 2]},
								"down": {"uv": [124, 115], "uv_size": [2, -2]}
							}
						},
						{
							"origin": [3.25, 11, -4.25],
							"size": [2.5, 4.5, 2.5],
							"uv": {
								"north": {"uv": [122, 115], "uv_size": [2, 2]},
								"east": {"uv": [120, 115], "uv_size": [2, 2]},
								"south": {"uv": [126, 115], "uv_size": [2, 2]},
								"west": {"uv": [124, 115], "uv_size": [2, 2]},
								"up": {"uv": [122, 113], "uv_size": [2, 2]},
								"down": {"uv": [124, 115], "uv_size": [2, -2]}
							}
						}
					]
				},
				{
					"name": "hand5",
					"parent": "arm10",
					"pivot": [4.5, 25, -3],
					"cubes": [
						{
							"origin": [3, 25, -3.5],
							"size": [3, 3, 1],
							"uv": {
								"north": {"uv": [122, 115], "uv_size": [2, 2]},
								"east": {"uv": [120, 115], "uv_size": [2, 2]},
								"south": {"uv": [126, 115], "uv_size": [2, 2]},
								"west": {"uv": [124, 115], "uv_size": [2, 2]},
								"up": {"uv": [122, 113], "uv_size": [2, 2]},
								"down": {"uv": [124, 115], "uv_size": [2, -2]}
							}
						}
					]
				},
				{
					"name": "fingers5",
					"parent": "hand5",
					"pivot": [4.5, 28, -2.5],
					"cubes": [
						{
							"origin": [5, 28, -3.5],
							"size": [1, 2.5, 1],
							"uv": {
								"north": {"uv": [124, 118.25], "uv_size": [2, -2.5]},
								"east": {"uv": [125, 114.75], "uv_size": [2, 2]},
								"south": {"uv": [123.25, 115], "uv_size": [2, 2]},
								"west": {"uv": [126, 115.75], "uv_size": [2, 2]},
								"up": {"uv": [123.25, 115], "uv_size": [2, 2]},
								"down": {"uv": [125.5, 119.25], "uv_size": [2, -2]}
							}
						},
						{
							"origin": [5.1, 30, -3.4],
							"size": [0.8, 2.5, 0.8],
							"pivot": [5.5, 30.25, -3],
							"rotation": [25, 0, 0],
							"uv": {
								"north": {"uv": [124, 118.25], "uv_size": [2, -2.5]},
								"east": {"uv": [125, 114.75], "uv_size": [2, 2]},
								"south": {"uv": [123.25, 115], "uv_size": [2, 2]},
								"west": {"uv": [126, 115.75], "uv_size": [2, 2]},
								"up": {"uv": [123.25, 115], "uv_size": [2, 2]},
								"down": {"uv": [125.5, 119.25], "uv_size": [2, -2]}
							}
						},
						{
							"origin": [5.2, 31.75, -4.1],
							"size": [0.6, 2, 0.6],
							"pivot": [5.5, 32, -3.8],
							"rotation": [60, 0, 0],
							"uv": {
								"north": {"uv": [124, 118.25], "uv_size": [2, -2.5]},
								"east": {"uv": [125, 114.75], "uv_size": [2, 2]},
								"south": {"uv": [123.25, 115], "uv_size": [2, 2]},
								"west": {"uv": [126, 115.75], "uv_size": [2, 2]},
								"up": {"uv": [123.25, 115], "uv_size": [2, 2]},
								"down": {"uv": [125.5, 119.25], "uv_size": [2, -2]}
							}
						},
						{
							"origin": [5.3, 32.6, -5.5],
							"size": [0.4, 2, 0.4],
							"pivot": [5.5, 32.85, -5.3],
							"rotation": [110, 0, 0],
							"uv": {
								"north": {"uv": [124, 118.25], "uv_size": [2, -2.5]},
								"east": {"uv": [125, 114.75], "uv_size": [2, 2]},
								"south": {"uv": [123.25, 115], "uv_size": [2, 2]},
								"west": {"uv": [126, 115.75], "uv_size": [2, 2]},
								"up": {"uv": [123.25, 115], "uv_size": [2, 2]},
								"down": {"uv": [125.5, 119.25], "uv_size": [2, -2]}
							}
						},
						{
							"origin": [3, 28, -3.5],
							"size": [1, 2.5, 1],
							"uv": {
								"north": {"uv": [124, 118.25], "uv_size": [2, -2.5]},
								"east": {"uv": [125, 114.75], "uv_size": [2, 2]},
								"south": {"uv": [123.25, 115], "uv_size": [2, 2]},
								"west": {"uv": [126, 115.75], "uv_size": [2, 2]},
								"up": {"uv": [123.25, 115], "uv_size": [2, 2]},
								"down": {"uv": [125.5, 119.25], "uv_size": [2, -2]}
							}
						},
						{
							"origin": [3.1, 30, -3.4],
							"size": [0.8, 2.5, 0.8],
							"pivot": [3.5, 30.25, -3],
							"rotation": [25, 0, 0],
							"uv": {
								"north": {"uv": [124, 118.25], "uv_size": [2, -2.5]},
								"east": {"uv": [125, 114.75], "uv_size": [2, 2]},
								"south": {"uv": [123.25, 115], "uv_size": [2, 2]},
								"west": {"uv": [126, 115.75], "uv_size": [2, 2]},
								"up": {"uv": [123.25, 115], "uv_size": [2, 2]},
								"down": {"uv": [125.5, 119.25], "uv_size": [2, -2]}
							}
						},
						{
							"origin": [3.2, 31.75, -4.1],
							"size": [0.6, 2, 0.6],
							"pivot": [3.5, 32, -3.8],
							"rotation": [60, 0, 0],
							"uv": {
								"north": {"uv": [124, 118.25], "uv_size": [2, -2.5]},
								"east": {"uv": [125, 114.75], "uv_size": [2, 2]},
								"south": {"uv": [123.25, 115], "uv_size": [2, 2]},
								"west": {"uv": [126, 115.75], "uv_size": [2, 2]},
								"up": {"uv": [123.25, 115], "uv_size": [2, 2]},
								"down": {"uv": [125.5, 119.25], "uv_size": [2, -2]}
							}
						},
						{
							"origin": [3.3, 32.6, -5.5],
							"size": [0.4, 2, 0.4],
							"pivot": [3.5, 32.85, -5.3],
							"rotation": [110, 0, 0],
							"uv": {
								"north": {"uv": [124, 118.25], "uv_size": [2, -2.5]},
								"east": {"uv": [125, 114.75], "uv_size": [2, 2]},
								"south": {"uv": [123.25, 115], "uv_size": [2, 2]},
								"west": {"uv": [126, 115.75], "uv_size": [2, 2]},
								"up": {"uv": [123.25, 115], "uv_size": [2, 2]},
								"down": {"uv": [125.5, 119.25], "uv_size": [2, -2]}
							}
						}
					]
				},
				{
					"name": "thumb5",
					"parent": "hand5",
					"pivot": [3, 26, -2.5],
					"cubes": [
						{
							"origin": [1.5, 25.5, -3.5],
							"size": [1.5, 1, 1],
							"uv": {
								"north": {"uv": [124, 118.25], "uv_size": [2, -2.5]},
								"east": {"uv": [122.5, 114.25], "uv_size": [2, 2]},
								"south": {"uv": [125, 114.25], "uv_size": [2, 2]},
								"west": {"uv": [126, 115.75], "uv_size": [2, 2]},
								"up": {"uv": [125, 116.25], "uv_size": [2, 2]},
								"down": {"uv": [125.5, 119.25], "uv_size": [2, -2]}
							}
						},
						{
							"origin": [0.2, 25.6, -3.4],
							"size": [1.7, 0.8, 0.8],
							"pivot": [1.65, 26, -3],
							"rotation": [0, -42.5, 0],
							"uv": {
								"north": {"uv": [124, 118.25], "uv_size": [2, -2.5]},
								"east": {"uv": [122.5, 114.25], "uv_size": [2, 2]},
								"south": {"uv": [125, 114.25], "uv_size": [2, 2]},
								"west": {"uv": [126, 115.75], "uv_size": [2, 2]},
								"up": {"uv": [125, 116.25], "uv_size": [2, 2]},
								"down": {"uv": [125.5, 119.25], "uv_size": [2, -2]}
							}
						},
						{
							"origin": [-1.05, 25.8, -5.5],
							"size": [1.7, 0.4, 0.4],
							"pivot": [0.4, 26, -5.3],
							"rotation": [0, -130, 0],
							"uv": {
								"north": {"uv": [124, 118.25], "uv_size": [2, -2.5]},
								"east": {"uv": [122.5, 114.25], "uv_size": [2, 2]},
								"south": {"uv": [125, 114.25], "uv_size": [2, 2]},
								"west": {"uv": [126, 115.75], "uv_size": [2, 2]},
								"up": {"uv": [125, 116.25], "uv_size": [2, 2]},
								"down": {"uv": [125.5, 119.25], "uv_size": [2, -2]}
							}
						},
						{
							"origin": [-0.8, 25.7, -4.2],
							"size": [1.7, 0.6, 0.6],
							"pivot": [0.65, 26, -3.9],
							"rotation": [0, -77.5, 0],
							"uv": {
								"north": {"uv": [124, 118.25], "uv_size": [2, -2.5]},
								"east": {"uv": [122.5, 114.25], "uv_size": [2, 2]},
								"south": {"uv": [125, 114.25], "uv_size": [2, 2]},
								"west": {"uv": [126, 115.75], "uv_size": [2, 2]},
								"up": {"uv": [125, 116.25], "uv_size": [2, 2]},
								"down": {"uv": [125.5, 119.25], "uv_size": [2, -2]}
							}
						}
					]
				},
				{
					"name": "bone",
					"pivot": [0, 0, 0],
					"cubes": [
						{
							"origin": [-8, 0.1, -8],
							"size": [16, 0, 16],
							"uv": {
								"north": {"uv": [80, 0], "uv_size": [16, 24]},
								"east": {"uv": [96, 0], "uv_size": [16, 24]},
								"south": {"uv": [80, 24], "uv_size": [16, 24]},
								"west": {"uv": [96, 24], "uv_size": [16, 24]},
								"up": {"uv": [112, 16], "uv_size": [16, 16]},
								"down": {"uv": [112, 32], "uv_size": [16, -16]}
							}
						}
					]
				},
				{
					"name": "bone2",
					"parent": "bone",
					"pivot": [0, 0, 0],
					"cubes": [
						{
							"origin": [-8, 0.1, -8],
							"size": [16, 24, 16],
							"uv": {
								"north": {"uv": [104, 92], "uv_size": [16, 24]},
								"east": {"uv": [88, 92], "uv_size": [16, 24]},
								"south": {"uv": [104, 92], "uv_size": [16, 24]},
								"west": {"uv": [88, 92], "uv_size": [16, 24]},
								"up": {"uv": [124.75, 102.25], "uv_size": [3.25, 6]},
								"down": {"uv": [123.25, 119], "uv_size": [4.75, -4]}
							}
						}
					]
				}
			]
		}
	]
}