{
	"format_version": "1.12.0",
	"minecraft:geometry": [
		{
			"description": {
				"identifier": "geometry.midnightlurkershapeshifter",
				"texture_width": 64,
				"texture_height": 64,
				"visible_bounds_width": 5,
				"visible_bounds_height": 4.5,
				"visible_bounds_offset": [0, 1.75, 0]
			},
			"bones": [
				{
					"name": "head",
					"pivot": [0, 24, 0],
					"cubes": [
						{"origin": [-4, 24, -4], "size": [8, 10, 8], "uv": [0, 0]}
					]
				},
				{
					"name": "nose",
					"parent": "head",
					"pivot": [0, 26, 0],
					"cubes": [
						{"origin": [-1, 23, -6], "size": [2, 4, 2], "uv": [24, 0]}
					]
				},
				{
					"name": "headwear",
					"parent": "head",
					"pivot": [0, 24, 0],
					"cubes": [
						{"origin": [-4, 24, -4], "size": [8, 10, 8], "inflate": 0.51, "uv": [32, 0]}
					]
				},
				{
					"name": "headwear2",
					"parent": "head",
					"pivot": [0, 24, 0],
					"rotation": [-90, 0, 0],
					"cubes": [
						{"origin": [-8, 16, -6], "size": [16, 16, 1], "uv": [30, 47]}
					]
				},
				{
					"name": "body",
					"pivot": [0, 24, 0],
					"cubes": [
						{"origin": [-4, 12, -3], "size": [8, 12, 6], "uv": [16, 20]}
					]
				},
				{
					"name": "bodywear",
					"parent": "body",
					"pivot": [0, 24, 0],
					"cubes": [
						{"origin": [-4, 4, -3], "size": [8, 20, 6], "inflate": 0.5, "uv": [0, 38]}
					]
				},
				{
					"name": "arms",
					"pivot": [0, 21.05, -1.05],
					"rotation": [-43, 0, 0],
					"cubes": [
						{"origin": [-4, 15.05, -3.05], "size": [8, 4, 4], "uv": [40, 38]},
						{"origin": [-8, 15.05, -3.05], "size": [4, 8, 4], "uv": [44, 22]}
					]
				},
				{
					"name": "mirrored",
					"parent": "arms",
					"pivot": [0, 0, 0],
					"mirror": true,
					"cubes": [
						{"origin": [4, 15.05, -3.05], "size": [4, 8, 4], "uv": [44, 22]}
					]
				},
				{
					"name": "right_leg",
					"pivot": [-2, 12, 0],
					"cubes": [
						{"origin": [-4, 0, -2], "size": [4, 12, 4], "uv": [0, 22]}
					]
				},
				{
					"name": "left_leg",
					"pivot": [2, 12, 0],
					"cubes": [
						{"origin": [0, 0, -2], "size": [4, 12, 4], "uv": [0, 22]}
					]
				}
			]
		}
	]
}