{
	"format_version": "1.12.0",
	"minecraft:geometry": [
		{
			"description": {
				"identifier": "geometry.midnightlurkerrunaway",
				"texture_width": 128,
				"texture_height": 128,
				"visible_bounds_width": 5,
				"visible_bounds_height": 5,
				"visible_bounds_offset": [0, 1.5, 0]
			},
			"bones": [
				{
					"name": "midnightlurker",
					"pivot": [0, 0, 0]
				},
				{
					"name": "head",
					"parent": "midnightlurker",
					"pivot": [0, -2, 0.25]
				},
				{
					"name": "headnotneck",
					"parent": "head",
					"pivot": [0, 1.02066, -0.66896],
					"cubes": [
						{
							"origin": [-4, 1.5, -3.25],
							"size": [8, 5, 4],
							"uv": {
								"north": {"uv": [18, 0], "uv_size": [8, 5]},
								"east": {"uv": [22, 39], "uv_size": [4, 5]},
								"south": {"uv": [18, 5], "uv_size": [8, 5]},
								"west": {"uv": [40, 24], "uv_size": [4, 5]},
								"up": {"uv": [18, 18], "uv_size": [8, 4]},
								"down": {"uv": [18, 26], "uv_size": [8, -4]}
							}
						},
						{
							"origin": [-3, 2.5, -5.75],
							"size": [6, 2, 4],
							"uv": {
								"north": {"uv": [50, 41], "uv_size": [6, 2]},
								"east": {"uv": [58, 20], "uv_size": [4, 2]},
								"south": {"uv": [51, 24], "uv_size": [6, 2]},
								"west": {"uv": [58, 22], "uv_size": [4, 2]},
								"up": {"uv": [30, 0], "uv_size": [6, 4]},
								"down": {"uv": [30, 8], "uv_size": [6, -4]}
							}
						},
						{
							"origin": [3.7, 2.5, -5.25],
							"size": [0.5, 3.5, 4],
							"uv": {
								"north": {"uv": [81, 47], "uv_size": [0.5, 3.5]},
								"east": {"uv": [46, 35], "uv_size": [4, 3.5]},
								"south": {"uv": [81, 51], "uv_size": [0.5, 3.5]},
								"west": {"uv": [46, 39], "uv_size": [4, 3.5]},
								"up": {"uv": [33, 78], "uv_size": [0.5, 4]},
								"down": {"uv": [38, 82], "uv_size": [0.5, -4]}
							}
						},
						{
							"origin": [3.7, 5.9, -5.25],
							"size": [0.5, 1, 4],
							"inflate": -0.025,
							"pivot": [4.2, 5.9, -3.25],
							"rotation": [0, 0, -37.5],
							"uv": {
								"north": {"uv": [41, 85], "uv_size": [0.5, 1]},
								"east": {"uv": [69, 55], "uv_size": [4, 1]},
								"south": {"uv": [85, 41], "uv_size": [0.5, 1]},
								"west": {"uv": [69, 62], "uv_size": [4, 1]},
								"up": {"uv": [47, 78], "uv_size": [0.5, 4]},
								"down": {"uv": [48, 82], "uv_size": [0.5, -4]}
							}
						},
						{
							"origin": [3.7, 1.525, -5.25],
							"size": [0.5, 1, 4],
							"inflate": -0.025,
							"pivot": [4.2, 2.525, -3.25],
							"rotation": [0, 0, 50],
							"uv": {
								"north": {"uv": [42, 85], "uv_size": [0.5, 1]},
								"east": {"uv": [70, 2], "uv_size": [4, 1]},
								"south": {"uv": [85, 42], "uv_size": [0.5, 1]},
								"west": {"uv": [70, 14], "uv_size": [4, 1]},
								"up": {"uv": [51, 78], "uv_size": [0.5, 4]},
								"down": {"uv": [78, 55], "uv_size": [0.5, -4]}
							}
						},
						{
							"origin": [3.7, 2.5, -6.725],
							"size": [0.5, 3.5, 1.5],
							"inflate": -0.025,
							"pivot": [4.2, 4.5, -5.25],
							"rotation": [0, 20, 0],
							"uv": {
								"north": {"uv": [81, 55], "uv_size": [0.5, 3.5]},
								"east": {"uv": [36, 68], "uv_size": [1.5, 3.5]},
								"south": {"uv": [58, 81], "uv_size": [0.5, 3.5]},
								"west": {"uv": [45, 68], "uv_size": [1.5, 3.5]},
								"up": {"uv": [85, 4], "uv_size": [0.5, 1.5]},
								"down": {"uv": [85, 7.5], "uv_size": [0.5, -1.5]}
							}
						},
						{
							"origin": [3.7, 2.5, -1.275],
							"size": [0.5, 3.5, 2],
							"inflate": -0.025,
							"pivot": [4.2, 4.5, -1.25],
							"rotation": [0, -15, 0],
							"uv": {
								"north": {"uv": [81, 59], "uv_size": [0.5, 3.5]},
								"east": {"uv": [0, 62], "uv_size": [2, 3.5]},
								"south": {"uv": [61, 81], "uv_size": [0.5, 3.5]},
								"west": {"uv": [9, 62], "uv_size": [2, 3.5]},
								"up": {"uv": [60, 82], "uv_size": [0.5, 2]},
								"down": {"uv": [82, 62], "uv_size": [0.5, -2]}
							}
						},
						{
							"origin": [-3, 1.5, 0.25],
							"size": [6, 5, 1],
							"uv": {
								"north": {"uv": [22, 26], "uv_size": [6, 5]},
								"east": {"uv": [11, 31], "uv_size": [1, 5]},
								"south": {"uv": [27, 8], "uv_size": [6, 5]},
								"west": {"uv": [58, 67], "uv_size": [1, 5]},
								"up": {"uv": [63, 7], "uv_size": [6, 1]},
								"down": {"uv": [64, 1], "uv_size": [6, -1]}
							}
						},
						{
							"origin": [-3, -1.975, -0.75],
							"size": [6, 3.5, 2],
							"inflate": -0.025,
							"pivot": [0, 1.525, 1.25],
							"rotation": [-62.5, 0, 0],
							"uv": {
								"north": {"uv": [38, 8], "uv_size": [6, 3.5]},
								"east": {"uv": [35, 62], "uv_size": [2, 3.5]},
								"south": {"uv": [38, 12], "uv_size": [6, 3.5]},
								"west": {"uv": [39, 62], "uv_size": [2, 3.5]},
								"up": {"uv": [51, 26], "uv_size": [6, 2]},
								"down": {"uv": [51, 30], "uv_size": [6, -2]}
							}
						},
						{
							"origin": [-3, 6.475, 0.25],
							"size": [6, 1.25, 1],
							"inflate": -0.025,
							"pivot": [0, 6.475, 1.25],
							"rotation": [32.5, 0, 0],
							"uv": {
								"north": {"uv": [57, 6], "uv_size": [6, 1.5]},
								"east": {"uv": [79, 81], "uv_size": [1, 1.5]},
								"south": {"uv": [57, 24], "uv_size": [6, 1.5]},
								"west": {"uv": [81, 80], "uv_size": [1, 1.5]},
								"up": {"uv": [64, 1], "uv_size": [6, 1]},
								"down": {"uv": [64, 43], "uv_size": [6, -1]}
							}
						},
						{
							"origin": [-3, 6.475, -7.25],
							"size": [6, 1.25, 1],
							"inflate": -0.025,
							"pivot": [0, 6.475, -7.25],
							"rotation": [-32.5, 0, 0],
							"uv": {
								"north": {"uv": [57, 26], "uv_size": [6, 1.5]},
								"east": {"uv": [82, 0], "uv_size": [1, 1.5]},
								"south": {"uv": [28, 57], "uv_size": [6, 1.5]},
								"west": {"uv": [82, 2], "uv_size": [1, 1.5]},
								"up": {"uv": [64, 59], "uv_size": [6, 1]},
								"down": {"uv": [65, 7], "uv_size": [6, -1]}
							}
						},
						{
							"origin": [2.975, 1.5, 0.25],
							"size": [1.175, 5, 1],
							"inflate": -0.025,
							"pivot": [3, 4, 1.25],
							"rotation": [0, 25.75, 0],
							"uv": {
								"north": {"uv": [43, 68], "uv_size": [1, 5]},
								"east": {"uv": [14, 69], "uv_size": [1, 5]},
								"south": {"uv": [15, 69], "uv_size": [1, 5]},
								"west": {"uv": [19, 69], "uv_size": [1, 5]},
								"up": {"uv": [44, 43], "uv_size": [1, 1]},
								"down": {"uv": [56, 55], "uv_size": [1, -1]}
							}
						},
						{
							"origin": [1.6, 0.8, -7.25],
							"size": [2.3, 1.25, 6.6],
							"inflate": -0.025,
							"pivot": [2, 1.5, -5.15],
							"rotation": [0, 0, -20],
							"uv": {
								"north": {"uv": [16, 75], "uv_size": [2.5, 1.5]},
								"east": {"uv": [56, 18], "uv_size": [6.5, 1.5]},
								"south": {"uv": [75, 19], "uv_size": [2.5, 1.5]},
								"west": {"uv": [56, 50], "uv_size": [6.5, 1.5]},
								"up": {"uv": [11, 44], "uv_size": [2.5, 6.5]},
								"down": {"uv": [44, 27.5], "uv_size": [2.5, -6.5]}
							}
						},
						{
							"origin": [-2.65, 0.55, -7.25],
							"size": [5.3, 0.95, 4.1],
							"uv": {
								"north": {"uv": [65, 22], "uv_size": [5.5, 1]},
								"east": {"uv": [26, 70], "uv_size": [4, 1]},
								"south": {"uv": [67, 58], "uv_size": [5.5, 1]},
								"west": {"uv": [70, 28], "uv_size": [4, 1]},
								"up": {"uv": [35, 16], "uv_size": [5.5, 4]},
								"down": {"uv": [36, 24], "uv_size": [5.5, -4]}
							}
						},
						{
							"origin": [0.3, -0.45, -6.975],
							"size": [0.75, 1, 0.5],
							"uv": {
								"north": {"uv": [2, 122.5], "uv_size": [1, 1]},
								"east": {"uv": [9, 115.5], "uv_size": [0.5, 1]},
								"south": {"uv": [3, 122.5], "uv_size": [1, 1]},
								"west": {"uv": [9, 116.5], "uv_size": [0.5, 1]},
								"up": {"uv": [12, 108.5], "uv_size": [0.5, 0.5]},
								"down": {"uv": [12, 110], "uv_size": [0.5, -0.5]}
							}
						},
						{
							"origin": [0.4, -0.95, -6.875],
							"size": [0.55, 0.5, 0.3],
							"uv": {
								"north": {"uv": [12, 110.5], "uv_size": [0.5, 0.5]},
								"east": {"uv": [12, 111.5], "uv_size": [0.5, 0.5]},
								"south": {"uv": [12, 112.5], "uv_size": [0.5, 0.5]},
								"west": {"uv": [0, 125.5], "uv_size": [0.5, 0.5]},
								"up": {"uv": [12, 113.5], "uv_size": [0.5, 0.5]},
								"down": {"uv": [1, 126], "uv_size": [0.5, -0.5]}
							}
						},
						{
							"origin": [1.6, -0.45, -6.625],
							"size": [0.75, 1, 0.5],
							"pivot": [2.1, 0.05, -6.375],
							"rotation": [0, -37.5, 0],
							"uv": {
								"north": {"uv": [0, 121.5], "uv_size": [1, 1]},
								"east": {"uv": [9, 117.5], "uv_size": [0.5, 1]},
								"south": {"uv": [8, 113.5], "uv_size": [1, 1]},
								"west": {"uv": [9, 118.5], "uv_size": [0.5, 1]},
								"up": {"uv": [9, 119.5], "uv_size": [1, 0.5]},
								"down": {"uv": [9, 121], "uv_size": [1, -0.5]}
							}
						},
						{
							"origin": [1.7, -0.95, -6.525],
							"size": [0.55, 0.5, 0.3],
							"pivot": [2.1, -0.45, -6.375],
							"rotation": [0, -37.5, 0],
							"uv": {
								"north": {"uv": [12, 114.5], "uv_size": [0.5, 0.5]},
								"east": {"uv": [2, 125.5], "uv_size": [0.5, 0.5]},
								"south": {"uv": [12, 115.5], "uv_size": [0.5, 0.5]},
								"west": {"uv": [3, 125.5], "uv_size": [0.5, 0.5]},
								"up": {"uv": [12, 116.5], "uv_size": [0.5, 0.5]},
								"down": {"uv": [12, 118], "uv_size": [0.5, -0.5]}
							}
						},
						{
							"origin": [2.65, 0.3, -6.225],
							"size": [0.5, 1, 0.75],
							"uv": {
								"north": {"uv": [0, 123.5], "uv_size": [0.5, 1]},
								"east": {"uv": [1, 121.5], "uv_size": [1, 1]},
								"south": {"uv": [10, 113.5], "uv_size": [0.5, 1]},
								"west": {"uv": [8, 114.5], "uv_size": [1, 1]},
								"up": {"uv": [1, 123.5], "uv_size": [0.5, 1]},
								"down": {"uv": [10, 115.5], "uv_size": [0.5, -1]}
							}
						},
						{
							"origin": [2.75, -0.2, -6.125],
							"size": [0.3, 0.5, 0.55],
							"uv": {
								"north": {"uv": [12, 121.5], "uv_size": [0.5, 0.5]},
								"east": {"uv": [12, 122.5], "uv_size": [0.5, 0.5]},
								"south": {"uv": [10, 125.5], "uv_size": [0.5, 0.5]},
								"west": {"uv": [12, 123.5], "uv_size": [0.5, 0.5]},
								"up": {"uv": [11, 125.5], "uv_size": [0.5, 0.5]},
								"down": {"uv": [12, 125], "uv_size": [0.5, -0.5]}
							}
						},
						{
							"origin": [3, 1.5, -7.25],
							"size": [1, 5, 4],
							"uv": {
								"north": {"uv": [20, 69], "uv_size": [1, 5]},
								"east": {"uv": [40, 29], "uv_size": [4, 5]},
								"south": {"uv": [21, 69], "uv_size": [1, 5]},
								"west": {"uv": [31, 40], "uv_size": [4, 5]},
								"up": {"uv": [41, 16], "uv_size": [1, 4]},
								"down": {"uv": [16, 51], "uv_size": [1, -4]}
							}
						},
						{
							"origin": [1.75, 3.25, -6.25],
							"size": [0.5, 0.5, 0.25],
							"uv": {
								"north": {"uv": [87, 11], "uv_size": [0.5, 0.5]},
								"east": {"uv": [12, 87], "uv_size": [0.5, 0.5]},
								"south": {"uv": [87, 12], "uv_size": [0.5, 0.5]},
								"west": {"uv": [13, 87], "uv_size": [0.5, 0.5]},
								"up": {"uv": [87, 13], "uv_size": [0.5, 0.5]},
								"down": {"uv": [14, 87.5], "uv_size": [0.5, -0.5]}
							}
						},
						{
							"origin": [-2.25, 3.25, -6.25],
							"size": [0.5, 0.5, 0.25],
							"uv": {
								"north": {"uv": [87.5, 11], "uv_size": [-0.5, 0.5]},
								"east": {"uv": [13.5, 87], "uv_size": [-0.5, 0.5]},
								"south": {"uv": [87.5, 12], "uv_size": [-0.5, 0.5]},
								"west": {"uv": [12.5, 87], "uv_size": [-0.5, 0.5]},
								"up": {"uv": [87.5, 13], "uv_size": [-0.5, 0.5]},
								"down": {"uv": [14.5, 87.5], "uv_size": [-0.5, -0.5]}
							}
						},
						{
							"origin": [-1, 1.5, -7.25],
							"size": [2, 5, 4],
							"uv": {
								"north": {"uv": [26, 56], "uv_size": [2, 5]},
								"east": {"uv": [40, 34], "uv_size": [4, 5]},
								"south": {"uv": [56, 45], "uv_size": [2, 5]},
								"west": {"uv": [40, 39], "uv_size": [4, 5]},
								"up": {"uv": [51, 57], "uv_size": [2, 4]},
								"down": {"uv": [35, 62], "uv_size": [2, -4]}
							}
						},
						{
							"origin": [-3, 6.5, -6.575],
							"size": [6, 1, 7.15],
							"uv": {
								"north": {"uv": [65, 8], "uv_size": [6, 1]},
								"east": {"uv": [58, 49], "uv_size": [7, 1]},
								"south": {"uv": [65, 9], "uv_size": [6, 1]},
								"west": {"uv": [62, 23], "uv_size": [7, 1]},
								"up": {"uv": [0, 16], "uv_size": [6, 7]},
								"down": {"uv": [6, 23], "uv_size": [6, -7]}
							}
						},
						{
							"origin": [1, 1.5, -7.25],
							"size": [2, 1, 4],
							"uv": {
								"north": {"uv": [44, 15], "uv_size": [2, 1]},
								"east": {"uv": [70, 29], "uv_size": [4, 1]},
								"south": {"uv": [49, 20], "uv_size": [2, 1]},
								"west": {"uv": [70, 30], "uv_size": [4, 1]},
								"up": {"uv": [58, 37], "uv_size": [2, 4]},
								"down": {"uv": [39, 62], "uv_size": [2, -4]}
							}
						},
						{
							"origin": [1, 4.5, -7.25],
							"size": [2, 2, 4],
							"uv": {
								"north": {"uv": [35, 40], "uv_size": [2, 2]},
								"east": {"uv": [58, 45], "uv_size": [4, 2]},
								"south": {"uv": [70, 31], "uv_size": [2, 2]},
								"west": {"uv": [58, 47], "uv_size": [4, 2]},
								"up": {"uv": [59, 8], "uv_size": [2, 4]},
								"down": {"uv": [11, 63], "uv_size": [2, -4]}
							}
						},
						{
							"origin": [2.75, 5.975, -6.6],
							"size": [1.5, 1, 7.2],
							"inflate": -0.025,
							"pivot": [3.5, 7, -3.25],
							"rotation": [0, 0, 45],
							"uv": {
								"north": {"uv": [3, 82], "uv_size": [1.5, 1]},
								"east": {"uv": [62, 60], "uv_size": [7, 1]},
								"south": {"uv": [82, 5], "uv_size": [1.5, 1]},
								"west": {"uv": [62, 61], "uv_size": [7, 1]},
								"up": {"uv": [16, 55], "uv_size": [1.5, 7]},
								"down": {"uv": [18, 62], "uv_size": [1.5, -7]}
							}
						},
						{
							"origin": [-4, 1.5, -7.25],
							"size": [1, 5, 4],
							"uv": {
								"north": {"uv": [21, 69], "uv_size": [-1, 5]},
								"east": {"uv": [35, 40], "uv_size": [-4, 5]},
								"south": {"uv": [22, 69], "uv_size": [-1, 5]},
								"west": {"uv": [44, 29], "uv_size": [-4, 5]},
								"up": {"uv": [42, 16], "uv_size": [-1, 4]},
								"down": {"uv": [17, 51], "uv_size": [-1, -4]}
							}
						},
						{
							"origin": [-4.15, 1.5, 0.25],
							"size": [1.175, 5, 1],
							"inflate": -0.025,
							"pivot": [-3, 4, 1.25],
							"rotation": [0, -25.75, 0],
							"uv": {
								"north": {"uv": [44, 68], "uv_size": [-1, 5]},
								"east": {"uv": [20, 69], "uv_size": [-1, 5]},
								"south": {"uv": [16, 69], "uv_size": [-1, 5]},
								"west": {"uv": [15, 69], "uv_size": [-1, 5]},
								"up": {"uv": [45, 43], "uv_size": [-1, 1]},
								"down": {"uv": [57, 55], "uv_size": [-1, -1]}
							}
						},
						{
							"origin": [-3, 1.5, -7.25],
							"size": [2, 1, 4],
							"uv": {
								"north": {"uv": [46, 15], "uv_size": [-2, 1]},
								"east": {"uv": [74, 30], "uv_size": [-4, 1]},
								"south": {"uv": [51, 20], "uv_size": [-2, 1]},
								"west": {"uv": [74, 29], "uv_size": [-4, 1]},
								"up": {"uv": [60, 37], "uv_size": [-2, 4]},
								"down": {"uv": [41, 62], "uv_size": [-2, -4]}
							}
						},
						{
							"origin": [-3, 4.5, -7.25],
							"size": [2, 2, 4],
							"uv": {
								"north": {"uv": [37, 40], "uv_size": [-2, 2]},
								"east": {"uv": [62, 47], "uv_size": [-4, 2]},
								"south": {"uv": [72, 31], "uv_size": [-2, 2]},
								"west": {"uv": [62, 45], "uv_size": [-4, 2]},
								"up": {"uv": [61, 8], "uv_size": [-2, 4]},
								"down": {"uv": [13, 63], "uv_size": [-2, -4]}
							}
						},
						{
							"origin": [-4.25, 5.975, -6.6],
							"size": [1.5, 1, 7.2],
							"inflate": -0.025,
							"pivot": [-3.5, 7, -3.25],
							"rotation": [0, 0, -45],
							"uv": {
								"north": {"uv": [4.5, 82], "uv_size": [-1.5, 1]},
								"east": {"uv": [69, 61], "uv_size": [-7, 1]},
								"south": {"uv": [83.5, 5], "uv_size": [-1.5, 1]},
								"west": {"uv": [69, 60], "uv_size": [-7, 1]},
								"up": {"uv": [17.5, 55], "uv_size": [-1.5, 7]},
								"down": {"uv": [19.5, 62], "uv_size": [-1.5, -7]}
							}
						},
						{
							"origin": [-3.9, 0.8, -7.25],
							"size": [2.3, 1.25, 6.6],
							"inflate": -0.025,
							"pivot": [-2, 1.5, -5.15],
							"rotation": [0, 0, 20],
							"uv": {
								"north": {"uv": [18.5, 75], "uv_size": [-2.5, 1.5]},
								"east": {"uv": [62.5, 50], "uv_size": [-6.5, 1.5]},
								"south": {"uv": [77.5, 19], "uv_size": [-2.5, 1.5]},
								"west": {"uv": [62.5, 18], "uv_size": [-6.5, 1.5]},
								"up": {"uv": [13.5, 44], "uv_size": [-2.5, 6.5]},
								"down": {"uv": [46.5, 27.5], "uv_size": [-2.5, -6.5]}
							}
						},
						{
							"origin": [-4.2, 2.5, -1.275],
							"size": [0.5, 3.5, 2],
							"inflate": -0.025,
							"pivot": [-4.2, 4.5, -1.25],
							"rotation": [0, 15, 0],
							"uv": {
								"north": {"uv": [81.5, 59], "uv_size": [-0.5, 3.5]},
								"east": {"uv": [11, 62], "uv_size": [-2, 3.5]},
								"south": {"uv": [61.5, 81], "uv_size": [-0.5, 3.5]},
								"west": {"uv": [2, 62], "uv_size": [-2, 3.5]},
								"up": {"uv": [60.5, 82], "uv_size": [-0.5, 2]},
								"down": {"uv": [82.5, 62], "uv_size": [-0.5, -2]}
							}
						},
						{
							"origin": [-4.2, 2.5, -6.725],
							"size": [0.5, 3.5, 1.5],
							"inflate": -0.025,
							"pivot": [-4.2, 4.5, -5.25],
							"rotation": [0, -20, 0],
							"uv": {
								"north": {"uv": [81.5, 55], "uv_size": [-0.5, 3.5]},
								"east": {"uv": [46.5, 68], "uv_size": [-1.5, 3.5]},
								"south": {"uv": [58.5, 81], "uv_size": [-0.5, 3.5]},
								"west": {"uv": [37.5, 68], "uv_size": [-1.5, 3.5]},
								"up": {"uv": [85.5, 4], "uv_size": [-0.5, 1.5]},
								"down": {"uv": [85.5, 7.5], "uv_size": [-0.5, -1.5]}
							}
						},
						{
							"origin": [-4.2, 1.525, -5.25],
							"size": [0.5, 1, 4],
							"inflate": -0.025,
							"pivot": [-4.2, 2.525, -3.25],
							"rotation": [0, 0, -50],
							"uv": {
								"north": {"uv": [42.5, 85], "uv_size": [-0.5, 1]},
								"east": {"uv": [74, 14], "uv_size": [-4, 1]},
								"south": {"uv": [85.5, 42], "uv_size": [-0.5, 1]},
								"west": {"uv": [74, 2], "uv_size": [-4, 1]},
								"up": {"uv": [51.5, 78], "uv_size": [-0.5, 4]},
								"down": {"uv": [78.5, 55], "uv_size": [-0.5, -4]}
							}
						},
						{
							"origin": [-4.2, 5.9, -5.25],
							"size": [0.5, 1, 4],
							"inflate": -0.025,
							"pivot": [-4.2, 5.9, -3.25],
							"rotation": [0, 0, 37.5],
							"uv": {
								"north": {"uv": [41.5, 85], "uv_size": [-0.5, 1]},
								"east": {"uv": [73, 62], "uv_size": [-4, 1]},
								"south": {"uv": [85.5, 41], "uv_size": [-0.5, 1]},
								"west": {"uv": [73, 55], "uv_size": [-4, 1]},
								"up": {"uv": [47.5, 78], "uv_size": [-0.5, 4]},
								"down": {"uv": [48.5, 82], "uv_size": [-0.5, -4]}
							}
						},
						{
							"origin": [-4.2, 2.5, -5.25],
							"size": [0.5, 3.5, 4],
							"uv": {
								"north": {"uv": [81.5, 47], "uv_size": [-0.5, 3.5]},
								"east": {"uv": [50, 39], "uv_size": [-4, 3.5]},
								"south": {"uv": [81.5, 51], "uv_size": [-0.5, 3.5]},
								"west": {"uv": [50, 35], "uv_size": [-4, 3.5]},
								"up": {"uv": [33.5, 78], "uv_size": [-0.5, 4]},
								"down": {"uv": [38.5, 82], "uv_size": [-0.5, -4]}
							}
						},
						{
							"origin": [-0.95, -0.95, -6.875],
							"size": [0.55, 0.5, 0.3],
							"uv": {
								"north": {"uv": [14, 115.5], "uv_size": [0.5, 0.5]},
								"east": {"uv": [3, 127.5], "uv_size": [0.5, 0.5]},
								"south": {"uv": [14, 116.5], "uv_size": [0.5, 0.5]},
								"west": {"uv": [14, 117.5], "uv_size": [0.5, 0.5]},
								"up": {"uv": [7, 127.5], "uv_size": [0.5, 0.5]},
								"down": {"uv": [8, 128], "uv_size": [0.5, -0.5]}
							}
						},
						{
							"origin": [-3.05, -0.2, -6.125],
							"size": [0.3, 0.5, 0.55],
							"uv": {
								"north": {"uv": [3, 126.5], "uv_size": [0.5, 0.5]},
								"east": {"uv": [13, 116.5], "uv_size": [0.5, 0.5]},
								"south": {"uv": [13, 117.5], "uv_size": [0.5, 0.5]},
								"west": {"uv": [7, 126.5], "uv_size": [0.5, 0.5]},
								"up": {"uv": [8, 126.5], "uv_size": [0.5, 0.5]},
								"down": {"uv": [9, 127], "uv_size": [0.5, -0.5]}
							}
						},
						{
							"origin": [-3.15, 0.3, -6.225],
							"size": [0.5, 1, 0.75],
							"uv": {
								"north": {"uv": [10, 121.5], "uv_size": [0.5, 1]},
								"east": {"uv": [8, 117.5], "uv_size": [1, 1]},
								"south": {"uv": [10, 122.5], "uv_size": [0.5, 1]},
								"west": {"uv": [8, 118.5], "uv_size": [1, 1]},
								"up": {"uv": [10, 123.5], "uv_size": [0.5, 1]},
								"down": {"uv": [0, 125.5], "uv_size": [0.5, -1]}
							}
						},
						{
							"origin": [-1.05, -0.45, -6.975],
							"size": [0.75, 1, 0.5],
							"uv": {
								"north": {"uv": [11, 118.5], "uv_size": [1, 1]},
								"east": {"uv": [11, 119.5], "uv_size": [0.5, 1]},
								"south": {"uv": [11, 120.5], "uv_size": [1, 1]},
								"west": {"uv": [11, 121.5], "uv_size": [0.5, 1]},
								"up": {"uv": [14, 114.5], "uv_size": [0.5, 0.5]},
								"down": {"uv": [2, 128], "uv_size": [0.5, -0.5]}
							}
						},
						{
							"origin": [-2.25, -0.95, -6.525],
							"size": [0.55, 0.5, 0.3],
							"pivot": [-2.1, -0.45, -6.375],
							"rotation": [0, 37.5, 0],
							"uv": {
								"north": {"uv": [14, 110.5], "uv_size": [0.5, 0.5]},
								"east": {"uv": [14, 111.5], "uv_size": [0.5, 0.5]},
								"south": {"uv": [14, 112.5], "uv_size": [0.5, 0.5]},
								"west": {"uv": [0, 127.5], "uv_size": [0.5, 0.5]},
								"up": {"uv": [14, 113.5], "uv_size": [0.5, 0.5]},
								"down": {"uv": [1, 128], "uv_size": [0.5, -0.5]}
							}
						},
						{
							"origin": [-2.35, -0.45, -6.625],
							"size": [0.75, 1, 0.5],
							"pivot": [-2.1, 0.05, -6.375],
							"rotation": [0, 37.5, 0],
							"uv": {
								"north": {"uv": [0, 122.5], "uv_size": [1, 1]},
								"east": {"uv": [11, 115.5], "uv_size": [0.5, 1]},
								"south": {"uv": [9, 113.5], "uv_size": [1, 1]},
								"west": {"uv": [3, 124.5], "uv_size": [0.5, 1]},
								"up": {"uv": [11, 116.5], "uv_size": [1, 0.5]},
								"down": {"uv": [11, 118], "uv_size": [1, -0.5]}
							}
						}
					]
				},
				{
					"name": "jaw",
					"parent": "headnotneck",
					"pivot": [0, 1, -3],
					"rotation": [5, 0, 0],
					"cubes": [
						{
							"origin": [-3, -2.91318, -4.2424],
							"size": [6, 9, 1.5],
							"inflate": 0.025,
							"uv": {
								"north": {"uv": [9, 0], "uv_size": [6, 7.5]},
								"east": {"uv": [20, 53], "uv_size": [1.5, 7.5]},
								"south": {"uv": [9, 8], "uv_size": [6, 7.5]},
								"west": {"uv": [55, 0], "uv_size": [1.5, 7.5]},
								"up": {"uv": [57, 2], "uv_size": [6, 1.5]},
								"down": {"uv": [57, 5.5], "uv_size": [6, -1.5]}
							}
						},
						{
							"origin": [-3, -2.91318, -4.7424],
							"size": [6, 7.5, 0],
							"inflate": 0.025,
							"uv": {
								"north": {"uv": [9, 0], "uv_size": [6, 7.5]},
								"east": {"uv": [20, 53], "uv_size": [1.5, 7.5]},
								"south": {"uv": [9, 8], "uv_size": [6, 7.5]},
								"west": {"uv": [55, 0], "uv_size": [1.5, 7.5]},
								"up": {"uv": [57, 2], "uv_size": [6, 1.5]},
								"down": {"uv": [57, 5.5], "uv_size": [6, -1.5]}
							}
						},
						{
							"origin": [-0.30621, -4.41523, -7.2674],
							"size": [3.575, 1.5, 2.975],
							"inflate": 0.025,
							"pivot": [0, -3, -4.55],
							"rotation": [0, 0, -12.5],
							"uv": {
								"north": {"uv": [68, 47], "uv_size": [3.5, 1.5]},
								"east": {"uv": [69, 60], "uv_size": [3, 1.5]},
								"south": {"uv": [61, 68], "uv_size": [3.5, 1.5]},
								"west": {"uv": [70, 0], "uv_size": [3, 1.5]},
								"up": {"uv": [54, 38], "uv_size": [3.5, 3]},
								"down": {"uv": [2, 58], "uv_size": [3.5, -3]}
							}
						},
						{
							"origin": [2.05, -1.46318, -6.8174],
							"size": [0.3, 0.5, 0.55],
							"inflate": 0.025,
							"pivot": [2.2, -1.48818, -6.4174],
							"rotation": [0, 42.5, 0],
							"uv": {
								"north": {"uv": [12, 125.5], "uv_size": [0.5, 0.5]},
								"east": {"uv": [13, 108.5], "uv_size": [0.5, 0.5]},
								"south": {"uv": [13, 109.5], "uv_size": [0.5, 0.5]},
								"west": {"uv": [13, 110.5], "uv_size": [0.5, 0.5]},
								"up": {"uv": [13, 111.5], "uv_size": [0.5, 0.5]},
								"down": {"uv": [13, 113], "uv_size": [0.5, -0.5]}
							}
						},
						{
							"origin": [1.95, -2.51318, -6.9174],
							"size": [0.5, 1, 0.75],
							"inflate": 0.025,
							"pivot": [2.2, -1.98818, -6.4174],
							"rotation": [0, 42.5, 0],
							"uv": {
								"north": {"uv": [2, 123.5], "uv_size": [0.5, 1]},
								"east": {"uv": [2, 121.5], "uv_size": [1, 1]},
								"south": {"uv": [10, 115.5], "uv_size": [0.5, 1]},
								"west": {"uv": [8, 115.5], "uv_size": [1, 1]},
								"up": {"uv": [3, 123.5], "uv_size": [0.5, 1]},
								"down": {"uv": [10, 117.5], "uv_size": [0.5, -1]}
							}
						},
						{
							"origin": [0.25, -2.91318, -7.1674],
							"size": [0.75, 1, 0.5],
							"inflate": 0.025,
							"uv": {
								"north": {"uv": [3, 121.5], "uv_size": [1, 1]},
								"east": {"uv": [10, 117.5], "uv_size": [0.5, 1]},
								"south": {"uv": [8, 116.5], "uv_size": [1, 1]},
								"west": {"uv": [10, 118.5], "uv_size": [0.5, 1]},
								"up": {"uv": [10, 119.5], "uv_size": [1, 0.5]},
								"down": {"uv": [10, 121], "uv_size": [1, -0.5]}
							}
						},
						{
							"origin": [0.35, -1.86318, -7.0674],
							"size": [0.55, 0.5, 0.3],
							"inflate": 0.025,
							"uv": {
								"north": {"uv": [0, 126.5], "uv_size": [0.5, 0.5]},
								"east": {"uv": [13, 113.5], "uv_size": [0.5, 0.5]},
								"south": {"uv": [1, 126.5], "uv_size": [0.5, 0.5]},
								"west": {"uv": [13, 114.5], "uv_size": [0.5, 0.5]},
								"up": {"uv": [2, 126.5], "uv_size": [0.5, 0.5]},
								"down": {"uv": [13, 116], "uv_size": [0.5, -0.5]}
							}
						},
						{
							"origin": [2.82121, -2.61326, -5.2924],
							"size": [0.5, 9, 1],
							"inflate": 0.025,
							"pivot": [3.075, -2.2, -4.3],
							"rotation": [0, 0, 2.5],
							"uv": {
								"north": {"uv": [21, 74], "uv_size": [0.5, 7.5]},
								"east": {"uv": [14, 61], "uv_size": [1, 7.5]},
								"south": {"uv": [25, 74], "uv_size": [0.5, 7.5]},
								"west": {"uv": [15, 61], "uv_size": [1, 7.5]},
								"up": {"uv": [85, 38], "uv_size": [0.5, 1]},
								"down": {"uv": [85, 40], "uv_size": [0.5, -1]}
							}
						},
						{
							"origin": [-3.32121, -2.61326, -5.2924],
							"size": [0.5, 9, 1],
							"inflate": 0.025,
							"pivot": [-3.075, -2.2, -4.3],
							"rotation": [0, 0, -2.5],
							"uv": {
								"north": {"uv": [21.5, 74], "uv_size": [-0.5, 7.5]},
								"east": {"uv": [16, 61], "uv_size": [-1, 7.5]},
								"south": {"uv": [25.5, 74], "uv_size": [-0.5, 7.5]},
								"west": {"uv": [15, 61], "uv_size": [-1, 7.5]},
								"up": {"uv": [85.5, 38], "uv_size": [-0.5, 1]},
								"down": {"uv": [85.5, 40], "uv_size": [-0.5, -1]}
							}
						},
						{
							"origin": [-3.26879, -4.41523, -7.2924],
							"size": [3.575, 1.5, 3],
							"inflate": 0.025,
							"pivot": [0, -3, -4.55],
							"rotation": [0, 0, 12.5],
							"uv": {
								"north": {"uv": [65, 68], "uv_size": [3.5, 1.5]},
								"east": {"uv": [70, 12], "uv_size": [3, 1.5]},
								"south": {"uv": [68, 65], "uv_size": [3.5, 1.5]},
								"west": {"uv": [70, 16], "uv_size": [3, 1.5]},
								"up": {"uv": [55, 8], "uv_size": [3.5, 3]},
								"down": {"uv": [55, 14], "uv_size": [3.5, -3]}
							}
						},
						{
							"origin": [-0.9, -1.86318, -7.0674],
							"size": [0.55, 0.5, 0.3],
							"inflate": 0.025,
							"uv": {
								"north": {"uv": [9, 127.5], "uv_size": [0.5, 0.5]},
								"east": {"uv": [10, 127.5], "uv_size": [0.5, 0.5]},
								"south": {"uv": [11, 127.5], "uv_size": [0.5, 0.5]},
								"west": {"uv": [12, 127.5], "uv_size": [0.5, 0.5]},
								"up": {"uv": [13, 127.5], "uv_size": [0.5, 0.5]},
								"down": {"uv": [14, 127], "uv_size": [0.5, -0.5]}
							}
						},
						{
							"origin": [-2.35, -1.46318, -6.8174],
							"size": [0.3, 0.5, 0.55],
							"inflate": 0.025,
							"pivot": [-2.2, -1.48818, -6.4174],
							"rotation": [0, -42.5, 0],
							"uv": {
								"north": {"uv": [10, 126.5], "uv_size": [0.5, 0.5]},
								"east": {"uv": [11, 126.5], "uv_size": [0.5, 0.5]},
								"south": {"uv": [12, 126.5], "uv_size": [0.5, 0.5]},
								"west": {"uv": [13, 126.5], "uv_size": [0.5, 0.5]},
								"up": {"uv": [14, 108.5], "uv_size": [0.5, 0.5]},
								"down": {"uv": [14, 110], "uv_size": [0.5, -0.5]}
							}
						},
						{
							"origin": [-2.45, -2.51318, -6.9174],
							"size": [0.5, 1, 0.75],
							"inflate": 0.025,
							"pivot": [-2.2, -1.98818, -6.4174],
							"rotation": [0, -42.5, 0],
							"uv": {
								"north": {"uv": [11, 113.5], "uv_size": [0.5, 1]},
								"east": {"uv": [8, 119.5], "uv_size": [1, 1]},
								"south": {"uv": [1, 124.5], "uv_size": [0.5, 1]},
								"west": {"uv": [8, 120.5], "uv_size": [1, 1]},
								"up": {"uv": [11, 114.5], "uv_size": [0.5, 1]},
								"down": {"uv": [2, 125.5], "uv_size": [0.5, -1]}
							}
						},
						{
							"origin": [-1, -2.91318, -7.1674],
							"size": [0.75, 1, 0.5],
							"inflate": 0.025,
							"uv": {
								"north": {"uv": [1, 122.5], "uv_size": [1, 1]},
								"east": {"uv": [11, 122.5], "uv_size": [0.5, 1]},
								"south": {"uv": [9, 114.5], "uv_size": [1, 1]},
								"west": {"uv": [10, 124.5], "uv_size": [0.5, 1]},
								"up": {"uv": [11, 123.5], "uv_size": [1, 0.5]},
								"down": {"uv": [11, 125], "uv_size": [1, -0.5]}
							}
						}
					]
				}
			]
		}
	]
}