{
	"format_version": "1.12.0",
	"minecraft:geometry": [
		{
			"description": {
				"identifier": "geometry.voidgateway",
				"texture_width": 64,
				"texture_height": 64,
				"visible_bounds_width": 2,
				"visible_bounds_height": 3.5,
				"visible_bounds_offset": [0, 1.25, 0]
			},
			"bones": [
				{
					"name": "bone",
					"pivot": [0, 0, 0],
					"cubes": [
						{
							"origin": [-8, 0.1, -8],
							"size": [16, 0, 16],
							"uv": {
								"north": {"uv": [61.75, 19], "uv_size": [2.25, 12]},
								"east": {"uv": [61.75, 19], "uv_size": [2.25, 12]},
								"south": {"uv": [61.75, 19], "uv_size": [2.25, 12]},
								"west": {"uv": [61.75, 19], "uv_size": [2.25, 12]},
								"up": {"uv": [58.25, 43.5], "uv_size": [5.75, -3.75]},
								"down": {"uv": [58.25, 43.5], "uv_size": [5.75, -3.75]}
							}
						}
					]
				},
				{
					"name": "bone2",
					"parent": "bone",
					"pivot": [0, 0, 0],
					"cubes": [
						{
							"origin": [-8, 0.1, -8],
							"size": [16, 24, 16],
							"uv": {
								"north": {"uv": [40, 17.5], "uv_size": [16, 24]},
								"east": {"uv": [24, 17.5], "uv_size": [16, 24]},
								"south": {"uv": [40, 17.5], "uv_size": [16, 24]},
								"west": {"uv": [24, 17.5], "uv_size": [16, 24]},
								"up": {"uv": [60, 31.5], "uv_size": [4, 4]},
								"down": {"uv": [58.75, 44.25], "uv_size": [4, -4.75]}
							}
						}
					]
				}
			]
		}
	]
}